"change_id","run_id","opportunity_id","call_id","field","old_value","new_value","source_id","detected_at","auto_applied","review_required","reason"
"change_7f7be55fc97740dc9c3e","pilot_2e9750f89315969fe384","opp_0ea778abf59756e8133c","call_96746b34818aca8db2ca","fecha_cierre_texto","Plazos anuales: 1 de mayo y 1 de noviembre; próxima ventana verificable: 1 de noviembre de 2026 para proyectos que comiencen entre julio y diciembre del año siguiente.","May 1 and November 1","src_ea358904ba14cf991a4e","2026-09-29T12:28:42Z","FALSE","TRUE","insufficient_official_evidence"
"change_df6cd7b374d0aebd24e3","pilot_2e9750f89315969fe384","opp_0ea778abf59756e8133c","call_96746b34818aca8db2ca","fecha_apertura_texto",,"2 months before the deadline","src_ea358904ba14cf991a4e","2026-09-29T12:28:42Z","FALSE","TRUE","insufficient_official_evidence"
"change_2810382b5f469703b4ab","pilot_2e9750f89315969fe384","opp_0ea778abf59756e8133c","call_96746b34818aca8db2ca","monto_max",,"25000","src_ea358904ba14cf991a4e","2026-09-29T12:28:42Z","FALSE","TRUE","insufficient_official_evidence"
"change_6866261b827e7be2fa06","pilot_2e9750f89315969fe384","opp_0ea778abf59756e8133c","call_96746b34818aca8db2ca","duracion_proyecto","No hay límite general de duración indicado; debe ajustarse a fases de investigación propuestas.","no limit","src_ea358904ba14cf991a4e","2026-09-29T12:28:42Z","FALSE","TRUE","insufficient_official_evidence"
"change_1665d068bacdc77e73ad","pilot_2e9750f89315969fe384","opp_0ea778abf59756e8133c","call_96746b34818aca8db2ca","gastos_cubiertos",,"research phases","src_ea358904ba14cf991a4e","2026-09-29T12:28:42Z","FALSE","TRUE","insufficient_official_evidence"
"change_32fa307707ff67d3fef1","pilot_2e9750f89315969fe384","opp_0ea778abf59756e8133c","call_96746b34818aca8db2ca","gastos_financiables","Trabajo de campo, asistentes, viajes de investigación y gastos justificados del proyecto; no overhead institucional.","institutional overhead and fees related to administration are not covered","src_ea358904ba14cf991a4e","2026-09-29T12:28:42Z","FALSE","TRUE","insufficient_official_evidence"
"change_53eb9227f9e992322f73","pilot_2e9750f89315969fe384","opp_0ea778abf59756e8133c","call_96746b34818aca8db2ca","area_disciplinar","Antropología; Arqueología; Ciencias Sociales; Humanidades; Interdisciplinario","anthropology","src_ea358904ba14cf991a4e","2026-09-29T12:28:42Z","FALSE","TRUE","insufficient_official_evidence"
"change_c722e27a4e7012f8f9eb","pilot_2e9750f89315969fe384","opp_0ea778abf59756e8133c","call_96746b34818aca8db2ca","perfil_investigador_elegible","Estudiantes doctorales matriculados/as en programa doctoral o equivalente, con requisitos cumplidos salvo tesis antes del inicio del proyecto.","doctoral students in anthropology","src_ea358904ba14cf991a4e","2026-09-29T12:28:42Z","FALSE","TRUE","insufficient_official_evidence"
"change_c68808dad1812fdf364f","pilot_2e9750f89315969fe384","opp_0ea778abf59756e8133c","call_96746b34818aca8db2ca","elegibilidad_uchile","No claro (check)","unknown","src_ea358904ba14cf991a4e","2026-09-29T12:28:42Z","FALSE","TRUE","insufficient_official_evidence"
"change_e05e8ecdef1048dd6b67","pilot_2e9750f89315969fe384","opp_0ea778abf59756e8133c","call_96746b34818aca8db2ca","observaciones_dudas","Elegibilidad por nacionalidad e institución explícitamente amplia; confirmar si la universidad chilena acepta administrar o respaldar el flujo de fondos cuando corresponda (check). (check) Semilla legacy sin verificación web actual. Región provisional; objetivo/alcance conservado sin separación inferida. Elegibilidad legacy Chile: Sí ; universidad: Sí","No se menciona residencia en Chile ni afiliación a UChile; se indica que pueden postular estudiantes de cualquier nacionalidad o afiliación institucional.","src_ea358904ba14cf991a4e","2026-09-29T12:28:42Z","FALSE","TRUE","insufficient_official_evidence"
"change_885c274330687cbdaaf7","pilot_2e9750f89315969fe384","opp_0ea778abf59756e8133c","call_96746b34818aca8db2ca","idiomas_postulacion",,"English","src_ea358904ba14cf991a4e","2026-09-29T12:28:42Z","FALSE","TRUE","insufficient_official_evidence"
"change_1d197b6decbc0922ff1f","pilot_2e9750f89315969fe384","opp_0ea778abf59756e8133c","call_96746b34818aca8db2ca","tipo_investigacion","Investigación básica; Investigación aplicada; Interdisciplinaria","doctoral or thesis research","src_ea358904ba14cf991a4e","2026-09-29T12:28:42Z","FALSE","TRUE","insufficient_official_evidence"
"change_29ec8a27d29696d48e83","pilot_2e9750f89315969fe384","opp_0ea778abf59756e8133c","call_96746b34818aca8db2ca","duracion_estancia",,"unknown","src_ea358904ba14cf991a4e","2026-09-29T12:28:42Z","FALSE","TRUE","insufficient_official_evidence"
"change_7f16516a21d059b5acf1","pilot_2e9750f89315969fe384","opp_0ea778abf59756e8133c","call_96746b34818aca8db2ca","pais",,"U.S.","src_ea358904ba14cf991a4e","2026-09-29T12:28:42Z","FALSE","TRUE","insufficient_official_evidence"
"change_4029b3f785f49f583d2f","pilot_2e9750f89315969fe384","opp_0ea778abf59756e8133c","call_96746b34818aca8db2ca","estado_fuente","Recurrente","publicada","src_ea358904ba14cf991a4e","2026-09-29T12:28:42Z","FALSE","TRUE","insufficient_official_evidence"
