"call_id","opportunity_id","edicion","fecha_apertura","fecha_cierre","fecha_apertura_texto","fecha_cierre_texto","monto_financiamiento_texto","monto_min","monto_max","moneda","requiere_cofinanciamiento","gastos_financiables","gastos_cubiertos","duracion_proyecto","duracion_estancia","periodo_estancia","elegibilidad_uchile","estado_fuente","estado_calculado","observaciones_dudas","first_seen","last_verified","review_required","evidence_source_id","eligibility_evidence","closing_evidence"
"call_aa845571a767fb912111","opp_6741d6df063a90ef9c9e","legacy_sin_edicion_23b77194",,,,"Próxima fecha verificable: 28 mayo 2026 para reunión de comité de otoño; solicitudes menores hasta EUR 30.000 sin fecha fija (check)","No hay monto máximo general explícito; solicitudes menores hasta EUR 30.000 por procedimiento simplificado (check)",,,"EUR","No","Becas de investigación, viajes, materiales, contratos para actividades menores de investigación; no cubre overheads, aranceles ni salarios ordinarios.",,,,,"No claro (check)","Recurrente","unknown","Elegibilidad para universidad chilena no aparece formulada como lista de países; inferida por carácter internacional y proyectos mundiales (check) (check) Semilla legacy sin verificación web actual. Región provisional; objetivo/alcance conservado sin separación inferida. Elegibilidad legacy Chile: Sí (convocatoria internacional; proyectos financiados mundialmente) ; universidad: Sí (se permite cuenta institucional para fondos aprobados; universidad chilena plausible como institución administradora) (check)","2026-09-24T14:47:24Z",,"TRUE",,,
"call_e314d56375cbd164f842","opp_5ed244f28a44e40df816","legacy_sin_edicion_d2fdea31",,,,"Última fecha verificable: 3 junio 2026 (check)","Hasta tres becas de investigación más fondos de viaje y equipamiento; becas desde EUR 2.760/mes para postdocs y EUR 3.720/mes para investigadores/as senior según categoría",,,"EUR","No","Becas postdoctorales o de investigación, viaje y equipamiento; no cubre overheads ni aranceles.",,"Máximo 36 meses",,,"No claro (check)","Recurrente","unknown","Fuente secundaria usada para fecha/montos detallados cuando la página oficial no mostraba todo en el extracto; verificar bases completas antes de postular (check) (check) Semilla legacy sin verificación web actual. Región provisional; objetivo/alcance conservado sin separación inferida. Elegibilidad legacy Chile: Sí (convocatoria internacional; no restringida explícitamente a Alemania) (check) ; universidad: Sí (requiere vínculo universitario; una universidad chilena parece admisible si cumple condiciones institucionales) (check)","2026-09-24T14:47:24Z",,"TRUE",,,
"call_4dafe6a76653a867b894","opp_d8991b15885de6ca4f85","legacy_sin_edicion_205add3b",,,,,"Becas de investigación; fondos para personal, viajes, equipamiento/materiales; monto máximo no encontrado",,,"EUR","No","Beca para solicitante principal, becas para participantes, personal, viajes, equipamiento y materiales.",,,,,"No claro (check)","Vigencia no verificada (check)","unknown","Vigencia y fecha de nueva convocatoria no verificadas (check) (check) Semilla legacy sin verificación web actual. Región provisional; objetivo/alcance conservado sin separación inferida. Elegibilidad legacy Chile: Sí (convocatoria internacional; no se encontró restricción nacional) (check) ; universidad: Sí (requiere base universitaria) (check)","2026-09-24T14:47:24Z",,"TRUE",,,
"call_2d2a3c42ccd24b0009f5","opp_64f5f4e6855b82e2853a","legacy_sin_edicion_fb5a3a32",,,,,"Becas de investigación y fondos complementarios; monto máximo no encontrado",,,"EUR","No","Becas de investigación para solicitante(s), becas doctorales o de investigación para participantes, viaje, materiales y otros costos vinculados.",,,,,"No claro (check)","Vigencia no verificada (check)","unknown","Información sintética; se requiere verificar bases vigentes y fecha antes de postular (check) (check) Semilla legacy sin verificación web actual. Región provisional; objetivo/alcance conservado sin separación inferida. Elegibilidad legacy Chile: Sí (convocatoria internacional; no se encontró restricción nacional) (check) ; universidad: Sí (si la universidad chilena puede administrar fondos o acreditar vínculo institucional) (check)","2026-09-24T14:47:24Z",,"TRUE",,,
"call_06d83f5d191fcf487fdc","opp_37497214cf0321846585","legacy_sin_edicion_1537b15d",,,,,,,,"EUR","No","Becas de investigación, viaje, materiales y apoyo a actividades del proyecto; detalle no encontrado.",,,,,"No claro (check)","Vigencia no verificada (check)","unknown","No se encontró página específica con bases vigentes en la búsqueda; registrar como verificable solo a nivel de programa activo de la fundación (check) (check) Semilla legacy sin verificación web actual. Región provisional; objetivo/alcance conservado sin separación inferida. Elegibilidad legacy Chile: Sí (convocatoria internacional de la fundación; no se encontró restricción nacional) (check) ; universidad: Sí (si existe vínculo y administración institucional) (check)","2026-09-24T14:47:24Z",,"TRUE",,,
"call_31eb145b23dd30ff9e97","opp_f30830e5fe9a9d2b229f","legacy_sin_edicion_33359854",,,,,,,,"EUR","Sí","Preservación patrimonial, documentación, materiales, trabajo de campo y otros costos relacionados; detalle no encontrado.",,,,,"No claro (check)","texto web con información suficiente y activa","unknown","Applications are discussed with the Foundation and deadlines are on request; no formal applications procedure.","2026-09-24T14:47:24Z","2026-10-02T16:43:57Z","TRUE",,,
"call_e8d17aae64b7d4ff00b7","opp_6911ae7bfa1ca0676127","legacy_sin_edicion_e6922ef5",,,,"Última convocatoria verificable: 2025; fecha exacta no encontrada en fuente oficial resumida (check)","Hasta EUR 100.000",,,"EUR",,"Equipamiento, materiales, consumibles, salarios excepto IP, servicios especializados, viajes de investigación o congresos, costos de publicación.",,,,,"No claro (check)","Recurrente","unknown","La fuente oficial no explicita Chile por nombre; elegibilidad internacional debe confirmarse en formulario vigente (check) (check) Semilla legacy sin verificación web actual. Región provisional; objetivo/alcance conservado sin separación inferida. Elegibilidad legacy Chile: Sí (convocatoria internacional; no se encontró restricción territorial para IP) (check) ; universidad: Sí (si la universidad chilena actúa como laboratorio/institución de adscripción) (check)","2026-09-24T14:47:24Z",,"TRUE",,,
"call_c96cda67b58626f1fed3","opp_5545f01288fb6cb30971","legacy_sin_edicion_763a927f",,,,"Convocatoria 2026 cerrada al 31 marzo 2026 (check)","Monto anual histórico hasta EUR 45.000 o monto no encontrado en página oficial resumida (check)",,,"EUR",,"Manutención/estancia, costos asociados al proyecto postdoctoral; detalle completo no encontrado.",,,"8 a 12 meses según fuentes históricas/secundarias (check)",,"No claro (check)","Cerrada","unknown","Se asemeja a beca/estancia postdoctoral; incluir solo si se acepta como proyecto postdoctoral financiado, no como simple movilidad (check) (check) Semilla legacy sin verificación web actual. Región provisional; objetivo/alcance conservado sin separación inferida. Elegibilidad legacy Chile: Sí, pero usualmente condicionado a realizar estancia/proyecto en Francia si el/la investigador/a es extranjero/a (check) ; universidad: No claro (check)","2026-09-24T14:47:24Z",,"TRUE",,,
"call_7128183ceb167fb22399","opp_f0c1969be301fadb6494","legacy_sin_edicion_e406c3ee",,,,"Convocatoria 2027-2029: cierre 2 febrero 2026; llamada publicada 24 noviembre 2025","No encontrado en la fuente oficial consultada; financiamiento institucional por tres años",,,,,"Parte del salario, asistentes, equipamiento, asistencia técnica, viajes profesionales y apoyo a trainees.",,,,,"No claro (check)","Cerrada","unknown","Monto no encontrado en extracto oficial; verificar guía de postulación completa (check) (check) Semilla legacy sin verificación web actual. Región provisional; objetivo/alcance conservado sin separación inferida. Elegibilidad legacy Chile: Sí (programa globalmente competitivo; aprendizaje/desarrollo infantil mundial) ; universidad: Sí (fondos se entregan directamente a la institución del/la fellow; universidad chilena plausible) (check)","2026-09-24T14:47:24Z",,"TRUE",,,
"call_68c8091aedcc17e36da4","opp_e40f5ffa4b17fb9aaffd","legacy_sin_edicion_101a3fbd",,,,"Abierta del 13 abril al 10 junio 2026","Fondo total USD 6.000.000; financiamiento individual hasta USD 1.000.000",,,"USD",,"Costos de investigación para integrarse a la red LEVANTE; categorías específicas no encontradas en extracto.",,"No encontrado para 2026; versión 2025 indicaba duración mínima de 4 años (check)",,,"No claro (check)","Abierta","unknown","Revisar sitio LEVANTE para bases completas; gastos y condiciones institucionales no visibles en extracto (check) (check) Semilla legacy sin verificación web actual. Región provisional; objetivo/alcance conservado sin separación inferida. Elegibilidad legacy Chile: Sí (convocatoria global; fomenta regiones subrepresentadas) ; universidad: Sí (postulación desde institución académica; universidad chilena plausible) (check)","2026-09-24T14:47:24Z",,"TRUE",,,
"call_f005feaeb8a178f0a813","opp_4093f8f0ea798789de96","legacy_sin_edicion_f97b2bc8",,,,"Última convocatoria verificable: cierre 31 enero 2025; estado 2026 no encontrado","CHF 1.000.000",,,"CHF",,"Dotación para apoyar investigación; categorías de gasto no encontradas.",,,,,"No claro (check)","Vigencia no verificada (check)","unknown","Es un premio con dotación de investigación; criterio discutible frente a exclusión de premios sin proyecto específico (check) (check) Semilla legacy sin verificación web actual. Región provisional; objetivo/alcance conservado sin separación inferida. Elegibilidad legacy Chile: Sí (convocatoria internacional; postulaciones/nominaciones de investigadores individuales) (check) ; universidad: No claro (check)","2026-09-24T14:47:24Z",,"TRUE",,,
"call_18c91daf4207e4fff7ce","opp_0af050615f751ebdaf39","legacy_sin_edicion_7fbbdb35",,,,"Convocatoria 2026 abierta según página oficial; guía publicada abril 2026 (check)","Hasta EUR 1.500.000",,,"EUR",,"Red de investigación, personal, actividades de investigación, colaboración transdisciplinaria y socios no académicos; categorías detalladas en guía.",,"5 años",,,"No claro (check)","Abierta","unknown","Debe integrar al menos una disciplina SSH/economía y una natural/ingeniería/tecnología; no es exclusivo de ciencias sociales (check) (check) Semilla legacy sin verificación web actual. Región provisional; objetivo/alcance conservado sin separación inferida. Elegibilidad legacy Chile: Sí (abierta a investigadores/as e instituciones académicas worldwide) ; universidad: Sí (universidad chilena elegible si está/puede estar registrada como institución académica AXA) (check)","2026-09-24T14:47:24Z",,"TRUE",,,
"call_bda37515cf2da272af07","opp_c19068586f4e977c83a5","legacy_sin_edicion_3ffc5a31",,,,,,,,"EUR",,,,,,,"No claro (check)","Vigencia no verificada (check)","unknown","La VolkswagenStiftung suele exigir vínculo con institución alemana en varias líneas; no se verificó si universidad chilena puede ser institución líder (check) (check) Semilla legacy sin verificación web actual. Región provisional; objetivo/alcance conservado sin separación inferida. Elegibilidad legacy Chile: No claro (check) ; universidad: No claro (check)","2026-09-24T14:47:24Z",,"TRUE",,,
"call_253aed53b0101b6fca55","opp_b1b2c50fb65950dd9b1e","legacy_sin_edicion_a68b9739",,,,,,,,"EUR",,,,,,,"No claro (check)","Vigencia no verificada (check)","unknown","Aunque menciona investigadores/as internacionales, no quedó verificado que un/a residente en Chile pueda ser IP con universidad chilena como institución administradora (check) (check) Semilla legacy sin verificación web actual. Región provisional; objetivo/alcance conservado sin separación inferida. Elegibilidad legacy Chile: No claro (check) ; universidad: No claro (check)","2026-09-24T14:47:24Z",,"TRUE",,,
"call_8657289547281dbb4009","opp_74e32bf2ff6ac05d1d3a","legacy_sin_edicion_c8a40605",,,,"Work Programme 2025 vigente; nuevas programaciones 2026-2027 publicadas parcialmente (check)","Según tópico; montos por topic no sistematizados en esta fila",,,"EUR",,"Personal, viajes, subcontratación, equipamiento, otros costos directos elegibles según acuerdo de subvención; detalle depende del tópico.",,"Según tópico",,,"No claro (check)","Recurrente","unknown","Chile no figura entre países LAC automáticamente financiables según EURAXESS; puede participar, pero financiamiento y rol de IP requieren verificación por tópico o financiamiento complementario (check) (check) Semilla legacy sin verificación web actual. Región provisional; objetivo/alcance conservado sin separación inferida. Elegibilidad legacy Chile: No claro (check) ; universidad: No claro (check)","2026-09-24T14:47:24Z",,"TRUE",,,
"call_32cf7ff009feeb54073a","opp_8c52fa506b9d84523d96","legacy_sin_edicion_00e7466d",,,,"Work Programme 2023-2025; fechas 2026 no encontradas en la búsqueda (check)","Según convocatoria; contribuciones unitarias MSCA por persona-mes (monto específico no encontrado)",,,"EUR",,"Costos asociados a secondments, investigación, networking, capacitación y gestión según reglas MSCA.",,"Hasta 4 años en versiones habituales (check)","Hasta 4 años en versiones habituales (check)",,"No claro (check)","Recurrente","unknown","Incluye movilidad/intercambio como mecanismo central; puede caer en exclusión si no se considera proyecto de investigación colaborativo (check) (check) Semilla legacy sin verificación web actual. Región provisional; objetivo/alcance conservado sin separación inferida. Elegibilidad legacy Chile: No claro (check) ; universidad: Sí (universidades chilenas pueden participar como terceros países; financiamiento directo no siempre automático) (check)","2026-09-24T14:47:24Z",,"TRUE",,,
"call_b15e7b35f0fd6c94d5df","opp_61c7a8092d884c2544f8","legacy_sin_edicion_ba468a7d",,,,"Última versión verificable: convocatoria cerrada; el programa indica dos ciclos por año.","Hasta 50.000",,,"USD","No claro (check)","Costos directos de investigación; posible suplemento para course release; gastos deben corresponder a investigación en educación.",,"1 a 5 años",,,"No claro (check)","Recurrente","unknown","Propuestas aceptadas internacionalmente y universidades fuera de EE. UU. pueden ser organización equivalente; revisar políticas vigentes y overhead antes de postular (check). (check) Semilla legacy sin verificación web actual. Región provisional; objetivo/alcance conservado sin separación inferida. Elegibilidad legacy Chile: Sí ; universidad: Sí","2026-09-24T14:47:24Z",,"TRUE",,,
"call_d354d3be4682f4cf77e1","opp_ae0181524fc57e967070","legacy_sin_edicion_30e549a6",,,,"Última versión verificable: desde 2026 contempla un ciclo anual de prepropuestas.","125.000 a 500.000",,,"USD","No","Costos directos de investigación; hasta 15% de costos indirectos incluidos en el presupuesto total.",,"1 a 5 años",,,"No claro (check)","Recurrente","unknown","Elegibilidad internacional explícita; confirmar calendario vigente de prepropuesta y requisitos institucionales al postular (check). (check) Semilla legacy sin verificación web actual. Región provisional; objetivo/alcance conservado sin separación inferida. Elegibilidad legacy Chile: Sí ; universidad: Sí","2026-09-24T14:47:24Z",,"TRUE",,,
"call_5348a8a2ff9a80cdf3f6","opp_367c1b8a97f79979a580","legacy_sin_edicion_37c6f87b",,,,"Aplicaciones abiertas: 16 de marzo de 2026; Full Proposal Deadline: 1 de julio de 2026, 12:00 PM CT. Intent to Apply ya vencido.","Hasta 75.000",,,"USD","No","Costos directos del proyecto; no incluye costos indirectos según la descripción del programa.",,"1 a 5 años",,,"No claro (check)","Abierta","unknown","El plazo de Intent to Apply ya pasó; solo sería viable para postulantes que lo hayan completado oportunamente (check). (check) Semilla legacy sin verificación web actual. Región provisional; objetivo/alcance conservado sin separación inferida. Elegibilidad legacy Chile: Sí ; universidad: Sí","2026-09-24T14:47:24Z",,"TRUE",,,
"call_9db7c42a5ef3dd23f355","opp_dc1497cba14034686545","legacy_sin_edicion_b7b73527",,,,"Última versión verificable: convocatoria recurrente; revisar ciclo vigente en portal.","Hasta 400.000, incluyendo hasta 15% de costos indirectos",,,"USD","No","Costos de investigación colaborativa; personal, actividades de alianza, análisis, difusión y costos directos del proyecto; hasta 15% de indirectos.",,"Hasta 3 años",,,"No claro (check)","Recurrente","unknown","Elegibilidad internacional explícita; requiere al menos un Co-PI desde la contraparte de práctica/política o investigación según corresponda (check). (check) Semilla legacy sin verificación web actual. Región provisional; objetivo/alcance conservado sin separación inferida. Elegibilidad legacy Chile: Sí ; universidad: Sí","2026-09-24T14:47:24Z",,"TRUE",,,
"call_41c3dd52983962061690","opp_ceb994f517ce4b52dc94","legacy_sin_edicion_fd88ffa3",,,,"Última versión verificable: dos ciclos por año; revisar fechas vigentes en portal.","Hasta 75.000",,,"USD","No","Planificación de investigación; reuniones de equipo; diseño metodológico; colaboración con comunidades, educadores, gobiernos o actores de política; no costos indirectos.",,"Hasta 12 meses",,,"No claro (check)","Recurrente","unknown","Financia planificación de investigación, no ejecución plena; los equipos financiados pueden postular luego a Transformative Research Grant u otros programas (check). (check) Semilla legacy sin verificación web actual. Región provisional; objetivo/alcance conservado sin separación inferida. Elegibilidad legacy Chile: Sí ; universidad: Sí","2026-09-24T14:47:24Z",,"TRUE",,,
"call_96746b34818aca8db2ca","opp_0ea778abf59756e8133c","legacy_sin_edicion_3af4626d",,,,"Plazos anuales: 1 de mayo y 1 de noviembre; próxima ventana verificable: 1 de noviembre de 2026 para proyectos que comiencen entre julio y diciembre del año siguiente.","Hasta 25.000",,,"USD","No","Trabajo de campo, asistentes, viajes de investigación y gastos justificados del proyecto; no overhead institucional.",,"No hay límite general de duración indicado; debe ajustarse a fases de investigación propuestas.",,,"No claro (check)","Recurrente","unknown","Elegibilidad por nacionalidad e institución explícitamente amplia; confirmar si la universidad chilena acepta administrar o respaldar el flujo de fondos cuando corresponda (check). (check) Semilla legacy sin verificación web actual. Región provisional; objetivo/alcance conservado sin separación inferida. Elegibilidad legacy Chile: Sí ; universidad: Sí","2026-09-24T14:47:24Z",,"TRUE",,,
"call_b62de93354b0c2f96c6e","opp_f7f76e07e4d9fb140953","legacy_sin_edicion_b49368fc",,,,"Plazos anuales: 1 de mayo y 1 de noviembre; próxima ventana verificable: 1 de noviembre de 2026 para proyectos que comiencen entre julio y diciembre del año siguiente.","Hasta 25.000",,,"USD","No","Trabajo de campo, asistentes, viajes de investigación y otros gastos justificados; no overhead institucional ni fees administrativos.",,"No hay límite general de duración indicado; puede cubrir fases distintas de investigación.",,,"No claro (check)","Recurrente","unknown","Elegibilidad por nacionalidad o adscripción institucional explícitamente amplia; no exige universidad, pero la adscripción chilena es compatible (check). (check) Semilla legacy sin verificación web actual. Región provisional; objetivo/alcance conservado sin separación inferida. Elegibilidad legacy Chile: Sí ; universidad: Sí","2026-09-24T14:47:24Z",,"TRUE",,,
"call_ded514a559033d9fb6d2","opp_849b86ca92bc3de6c228","legacy_sin_edicion_13e77d26",,,,"Deadline anual: 1 de agosto; proyectos pueden comenzar no antes del 1 de abril del año siguiente.","Hasta 25.000",,,"USD","No","Costos de investigación colaborativa, trabajo de campo, asistentes, comunicación académica y pública; no overhead institucional.",,"No hay límite general de duración indicado.",,,"No claro (check)","Abierta","unknown","Requiere evidencia de compromiso y apoyo comunitario; no puede combinarse el mismo año con Dissertation Fieldwork o Post-PhD Research Grant (check). (check) Semilla legacy sin verificación web actual. Región provisional; objetivo/alcance conservado sin separación inferida. Elegibilidad legacy Chile: Sí ; universidad: Sí","2026-09-24T14:47:24Z",,"TRUE",,,
"call_fb142264fbe5524d55fd","opp_69b1f2105bc222a55b0d","legacy_sin_edicion_1ed06b16",,,,"Deadline anual: 15 de mayo; proyectos comienzan el 1 de enero del año siguiente.","Hasta 80.000",,,"USD","No","Costos detallados de la iniciativa/proyecto; no overhead institucional.",,"No hay límite general de duración indicado.",,,"No claro (check)","Abierta","unknown","El instrumento puede financiar iniciativas más amplias que un proyecto de investigación tradicional; evaluar ajuste al tema anual antes de postular (check). (check) Semilla legacy sin verificación web actual. Región provisional; objetivo/alcance conservado sin separación inferida. Elegibilidad legacy Chile: Sí ; universidad: Sí","2026-09-24T14:47:24Z",,"TRUE",,,
"call_b649a75a5e060beb5dd8","opp_577e735aa5602ef55e1d","legacy_sin_edicion_5784b0d2",,,,"Próximo plazo verificable: 15 de julio de 2026.","Hasta 20.000 para candidatos/as doctorales; hasta 30.000 para postdoctorales y científicos/as senior",,,"USD","No","Viajes, gastos de vida durante trabajo de campo, suministros, asistencia de investigación y otros gastos relevantes; no salarios de PI, matrícula, overhead, publicación ni equipamiento.",,,,,"No claro (check)","Abierta","unknown","El área elegible está limitada a orígenes humanos; investigadores/as de humanidades/ciencias sociales solo aplican si el proyecto calza con prioridades de la Fundación (check). (check) Semilla legacy sin verificación web actual. Región provisional; objetivo/alcance conservado sin separación inferida. Elegibilidad legacy Chile: Sí ; universidad: Sí","2026-09-24T14:47:24Z",,"TRUE",,,
"call_97246317969d698b1510","opp_3ff926143d8dbe1853e3","legacy_sin_edicion_6716f877",,,,"Convocatorias actuales varían por RFP; página verificada el 6 de mayo de 2026 con oportunidades abiertas entre mayo y junio de 2026.",,,,"USD",,"Costos del proyecto según lineamientos de presupuesto; incluye actividades de investigación, conservación, educación, storytelling o tecnología según RFP.",,,,,"No claro (check)","Abierta","unknown","No todas las RFP son investigación académica; registrar solo cuando la oportunidad específica financie investigación/patrimonio/conocimiento y permita liderazgo desde Chile (check). (check) Semilla legacy sin verificación web actual. Región provisional; objetivo/alcance conservado sin separación inferida. Elegibilidad legacy Chile: Sí ; universidad: No claro (check)","2026-09-24T14:47:24Z",,"TRUE",,,
"call_d68c8b84a3fb9200079b","opp_b16a8a88ba234c784764","legacy_sin_edicion_29353171",,,,"Submission deadline: 4 de junio de 2026, 11:59 PM EDT.",,,,"USD",,"Costos de proyecto según presupuesto de la convocatoria; preservación cultural, documentación, actividades con comunidades, materiales y difusión según RFP.",,,,,"No claro (check)","Abierta","unknown","Puede no ser investigación académica en sentido estricto; incluir solo si el proyecto contempla investigación, documentación o producción de conocimiento sobre patrimonio (check). (check) Semilla legacy sin verificación web actual. Región provisional; objetivo/alcance conservado sin separación inferida. Elegibilidad legacy Chile: Sí ; universidad: No claro (check)","2026-09-24T14:47:24Z",,"TRUE",,,
"call_bfb08c54b56205362f14","opp_05596a058a42f8ea3572","legacy_sin_edicion_14e1e43e",,,,"Aplicaciones: 7 de abril a 22 de mayo de 2026, 21:00 UTC.","Hasta 200.000 para investigadores/as independientes; hasta 500.000 para organizaciones e instituciones",,,"USD",,"Costos de investigación y colaboración vinculados al proyecto; detalles específicos en formulario y lineamientos de la convocatoria.",,,,,"No claro (check)","Abierta","unknown","Áreas disciplinares aplican si el proyecto aborda dimensiones sociales, educativas, regulatorias o culturales de Internet; revisar gastos permitidos en bases completas (check). (check) Semilla legacy sin verificación web actual. Región provisional; objetivo/alcance conservado sin separación inferida. Elegibilidad legacy Chile: Sí ; universidad: Sí","2026-09-24T14:47:24Z",,"TRUE",,,
"call_d8eeed69304804ac583c","opp_5d9ad8e78aa6284090f4","legacy_sin_edicion_58188cc0",,,,"Convocatoria activa 2026; fechas específicas deben confirmarse en portal ANR/RWJF.",,,,"USD",,"Costos de investigación, aprendizaje comparado, colaboración y diseminación según RFP.",,,,,"No claro (check)","Abierta","unknown","Todos los proyectos deben enfocarse en mejorar la equidad en salud en EE. UU.; no financia proyectos exclusivamente fuera de EE. UU. (check). (check) Semilla legacy sin verificación web actual. Región provisional; objetivo/alcance conservado sin separación inferida. Elegibilidad legacy Chile: Sí ; universidad: Sí","2026-09-24T14:47:24Z",,"TRUE",,,
"call_8cc92144222439104860","opp_1c867e81a5fecb498ffa","legacy_sin_edicion_64cebb2d",,,,"Plazos anuales: 1 de octubre y 1 de mayo.","Hasta 1.000 para investigación de estudiantes de postgrado; hasta 2.000 para investigadores/as con PhD; excepcionalmente puede exceder 2.000",,,"USD","No","Actividades de investigación; no cubre costos indirectos institucionales.",,,,,"No claro (check)","Recurrente","unknown","Exige membresía SPSSI; no se identifica restricción de institución chilena, pero la universidad puede figurar como afiliación del investigador/a (check). (check) Semilla legacy sin verificación web actual. Región provisional; objetivo/alcance conservado sin separación inferida. Elegibilidad legacy Chile: Sí ; universidad: Sí","2026-09-24T14:47:24Z",,"TRUE",,,
"call_ec5d4158f6845ee224d5","opp_080a007e6f24408b6c2e","legacy_sin_edicion_8fc56862",,,,"Plazos anuales: 1 de octubre y 1 de mayo.","Hasta 1.000 para investigación de estudiantes de postgrado; hasta 2.000 para investigadores/as con PhD; excepcionalmente puede exceder 2.000",,,"USD","No","Actividades de investigación; documentación IRB o equivalente; no encontrado detalle completo de categorías de gasto.",,,,,"No claro (check)","Recurrente","unknown","Exige membresía SPSSI; la elegibilidad internacional no está explicitada en la página del programa, pero admite cualquier tipo de institución y no restringe país (check). (check) Semilla legacy sin verificación web actual. Región provisional; objetivo/alcance conservado sin separación inferida. Elegibilidad legacy Chile: Sí ; universidad: Sí","2026-09-24T14:47:24Z",,"TRUE",,,
"call_44b309ccd6964b700fa7","opp_2ecdaec52f731ba2c1a5","legacy_sin_edicion_64daf2e4",,,,"Plazos: 1 de octubre de 2025 y 1 de diciembre de 2025 para trabajo entre febrero/abril de 2026 y enero de 2027.","Hasta 6.500",,,"USD","No","Viajes a bibliotecas y archivos, compra de microfilm/fotocopias o materiales equivalentes, trabajo de campo o gastos de laboratorio.",,"Trabajo financiado dentro del periodo febrero/abril de 2026 a enero de 2027, según ciclo.",,,"No claro (check)","Recurrente","unknown","Foreign nationals not affiliated with a U.S. institution solo pueden usar el grant para investigación en EE. UU.; para Chile aplica bajo esa condición específica (check). (check) Semilla legacy sin verificación web actual. Región provisional; objetivo/alcance conservado sin separación inferida. Elegibilidad legacy Chile: Sí ; universidad: No claro (check)","2026-09-24T14:47:24Z",,"TRUE",,,
"call_2c0700ce12de1f6d6e2a","opp_5ed6fde327895fd87963","legacy_sin_edicion_d6e9dfc1",,,,"Deadline 2026: 3 de abril de 2026; programa 2026 cerrado.","10 grants de hasta 20.000",,,"USD",,"Proyecto, cronograma, presupuesto y justificación; gastos asociados a investigación, educación o intervención según propuesta.",,,,,"No claro (check)","Cerrada","unknown","Postulantes internacionales pueden aplicar si cumplen requisitos y provienen de país con relaciones diplomáticas con EE. UU.; Chile cumple, pero debe verificarse documentación institucional requerida (check). (check) Semilla legacy sin verificación web actual. Región provisional; objetivo/alcance conservado sin separación inferida. Elegibilidad legacy Chile: Sí ; universidad: Sí","2026-09-24T14:47:24Z",,"TRUE",,,
"call_e0f42c91809af85c222c","opp_d529f9eb15bf5a4f6814","legacy_sin_edicion_1da05445",,,,"Estado verificado: el sitio indica que actualmente no hay oportunidades abiertas; versiones históricas han operado por rondas.","Históricamente 100.000 CAD en fase inicial; versiones de escala pueden variar",,,"CAD","No claro (check)","Desarrollo, prueba de concepto, implementación, evaluación y escalamiento según RFP específica.",,"Hasta 18 meses en versiones históricas de fase inicial; no vigente para llamado actual",,,"No claro (check)","Vigencia no verificada (check)","unknown","No hay convocatoria abierta al 6 de mayo de 2026; Chile no siempre calza por listas de LMIC según RFP, por lo que requiere verificación en futuras bases (check). (check) Semilla legacy sin verificación web actual. Región provisional; objetivo/alcance conservado sin separación inferida. Elegibilidad legacy Chile: No claro (check) ; universidad: No claro (check)","2026-09-24T14:47:24Z",,"TRUE",,,
"call_f36c6cc5475f99572920","opp_577fb00e136fb42c677b","legacy_sin_edicion_8a14ea10",,,,"2025-2026: EOI abierta 8 de agosto de 2025 y cierre 4 de septiembre de 2025; etapa 2 por invitación abierta 7 de octubre de 2025 y cierre 4 de noviembre de 2025","10.000 a 50.000",,,"AUD","Sí","Actividades de proyecto alineadas con objetivos y prioridades COALAR; presupuesto del proyecto; colaboraciones, intercambio de conocimiento, actividades académicas/institucionales. Gastos específicos definidos en el acuerdo de subvención.",,"Máximo 12 meses / un año desde firma de contrato",,,"No claro (check)","Cerrada","unknown","(check) Aunque la prioridad incluye Educación e Investigación, el instrumento no es exclusivamente un grant académico de investigación; se recomienda verificar que el proyecto propuesto financie claramente actividades de investigación y no solo intercambio, difusión o vinculación. (check) Semilla legacy sin verificación web actual. Región provisional; objetivo/alcance conservado sin separación inferida. Elegibilidad legacy Chile: Sí ; universidad: Sí","2026-09-24T14:47:24Z",,"TRUE",,,
"call_2d2fc7e81896912b3508","opp_9300cecb5582e12f7bba","legacy_sin_edicion_ab0f4e48",,,,"No encontrado; rondas verificables 2024 con adjudicaciones publicadas el 26 de agosto de 2024 y 27 de noviembre de 2024","No encontrado; adjudicaciones 2024 totalizaron AUD 116.721 en ronda inaugural y AUD 217.174 en segunda ronda",,,"AUD",,"Actividades de colaboración internacional, desarrollo de alianzas, iniciativas académicas y posiblemente investigación colaborativa; detalle de gastos no encontrado.",,,,,"No claro (check)","Vigencia no verificada (check)","unknown","(check) Incluido como caso límite por evidencia de colaboración UQ-Chile y financiamiento de iniciativas de investigación/alianzas; no se verificó que investigadores/as residentes en Chile puedan postular como PI o institución principal, por lo que requiere revisión antes de considerarlo elegible. (check) Semilla legacy sin verificación web actual. Región provisional; objetivo/alcance conservado sin separación inferida. Elegibilidad legacy Chile: No claro (check) ; universidad: No claro (check)","2026-09-24T14:47:24Z",,"TRUE",,,
"call_aa8b03cdd9b89795c98d","opp_13297f69a8320c2ec70c","legacy_sin_edicion_0de65e2b",,,,"2025: aplicaciones abiertas el 18 de febrero de 2025 y cierre 4 de abril de 2025; 2026: convocatoria abierta para notas conceptuales según anuncios 2026",,,,,,"Investigación, diseño e implementación de soluciones basadas en Internet; fortalecimiento de infraestructura, capacidad técnica, innovación digital e impacto socioeconómico.",,,,,"No claro (check)","Recurrente","unknown","(check) Caso límite: la institución financiadora está en Oceanía/Australia y financia proyectos de investigación aplicada con impacto social, pero exige registro en economías Asia-Pacífico de la región APNIC; no se verificó elegibilidad de Chile como solicitante principal. (check) Semilla legacy sin verificación web actual. Región provisional; objetivo/alcance conservado sin separación inferida. Elegibilidad legacy Chile: No claro (check) ; universidad: No claro (check)","2026-09-24T14:47:24Z",,"TRUE",,,
"call_db8fde64d0bc7427af37","opp_169dcab395a71d0639c4","legacy_sin_edicion_34af481c",,,,"2025-2026: calendario verificable con notificación de resultados a comienzos de 2026 y actividades de investigación desde 2026",,,,,,"Investigación, trabajo de campo, intercambio de investigadores, talleres internacionales y actividades colaborativas; excluye pasajes en clase ejecutiva.",,"Hasta 24 meses",,,"No claro (check)","Vigencia no verificada (check)","unknown","(check) Caso límite: financia investigación en ciencias sociales, pero la elegibilidad geográfica se concentra en Australia, Francia, países Indo-Pacífico y territorios franceses; Chile no aparece explícitamente como país elegible. (check) Semilla legacy sin verificación web actual. Región provisional; objetivo/alcance conservado sin separación inferida. Elegibilidad legacy Chile: No claro (check) ; universidad: No claro (check)","2026-09-24T14:47:24Z",,"TRUE",,,
"call_bef5cb65af40ab0defe3","opp_035eb2dcace7243f9503","legacy_sin_edicion_898acaf6",,,,"2025-2026: convocatoria verificable en guidelines 2026",,,,,,"Actividades de investigación colaborativa; costos asociados a colaboración, reuniones, producción académica y actividades del proyecto según guidelines.",,,,,"No claro (check)","Vigencia no verificada (check)","unknown","(check) Caso límite: instrumento de investigación en ciencias sociales ubicado en Oceanía, pero Chile no aparece explícitamente en la elegibilidad geográfica; revisar antes de considerarlo postulable desde Chile. (check) Semilla legacy sin verificación web actual. Región provisional; objetivo/alcance conservado sin separación inferida. Elegibilidad legacy Chile: No claro (check) ; universidad: No claro (check)","2026-09-24T14:47:24Z",,"TRUE",,,
"call_83ef96dc8b2764d31e35","opp_ee7331ebfa61a1e31f84","legacy_sin_edicion_fe8f8b5f",,,,"2026: guidelines publicadas en enero de 2026; convocatoria anual verificable","Hasta 4.000",,,"AUD","No","Viajes, alojamiento, gastos de investigación, costos de vida vinculados a investigación en el extranjero; acceso a archivos y materiales.",,,,,"No claro (check)","Recurrente","unknown","(check) Caso límite: financia actividades directas de investigación, pero principalmente movilidad/archivo y no se verificó elegibilidad para investigadores residentes en Chile como postulantes principales; revisar antes de incluir en base final de oportunidades postulables. (check) Semilla legacy sin verificación web actual. Región provisional; objetivo/alcance conservado sin separación inferida. Elegibilidad legacy Chile: No claro (check) ; universidad: No claro (check)","2026-09-24T14:47:24Z",,"TRUE",,,
"call_d75fa737d74c90522272","opp_2701dcf4522d45686ae4","legacy_sin_edicion_2f7d84ad",,,,"2026: guidelines publicadas en enero de 2026; convocatoria anual verificable","Hasta 3.000",,,"AUD",,"Costos asociados a publicación académica, incluidos subsidios de publicación de obras en humanidades.",,,,,"No claro (check)","Recurrente","unknown","(check) Caso límite: apoya publicación asociada a investigación, pero no financia claramente el desarrollo completo de un proyecto y no se verificó elegibilidad para postulantes residentes en Chile. (check) Semilla legacy sin verificación web actual. Región provisional; objetivo/alcance conservado sin separación inferida. Elegibilidad legacy Chile: No claro (check) ; universidad: No claro (check)","2026-09-24T14:47:24Z",,"TRUE",,,
"call_a3e980e6799d3ac94e44","opp_ed524c824abc574769f0","legacy_sin_edicion_5a00d053",,,,"Última versión verificable 2024; instrumento trienal","Hasta 5.000",,,"AUD",,"Actividades de investigación; acceso a archivos, materiales, viajes u otros gastos de investigación según bases.",,,,,"No claro (check)","Vigencia no verificada (check)","unknown","(check) Caso límite: financiador en Oceanía y actividad de investigación en humanidades, pero orientado a académicos/as australianos/as; no se verificó elegibilidad chilena. (check) Semilla legacy sin verificación web actual. Región provisional; objetivo/alcance conservado sin separación inferida. Elegibilidad legacy Chile: No claro (check) ; universidad: No claro (check)","2026-09-24T14:47:24Z",,"TRUE",,,
"call_338e69a55e9f98036e81","opp_81d451bed25bdcfdf32b","legacy_sin_edicion_c6c28e3b",,,,"Apertura 1 de abril de 2026; cierre 5 de junio de 2026, 15:00 JST","Hasta aprox. 8.000.000 por proyecto; presupuesto total 60.000.000",,,"JPY",,"Gastos necesarios para ejecutar el proyecto de investigación, según presupuesto específico; no encontrado detalle completo de partidas en HTML.",,"2 años; 1 de noviembre de 2026 a 31 de octubre de 2028",,,"No claro (check)","Abierta","unknown","El programa no restringe nacionalidad/afiliación según guía PDF, pero exige dirección de contacto en Japón para el representante; elegibilidad para investigador residente en Chile requiere verificación operativa (check). (check) Semilla legacy sin verificación web actual. Región provisional; objetivo/alcance conservado sin separación inferida. Elegibilidad legacy Chile: Sí (check) ; universidad: Sí (check)","2026-09-24T14:47:24Z",,"TRUE",,,
"call_972591970a919eb69b65","opp_f3d73803181a568e4043","legacy_sin_edicion_df44a63c",,,,"Apertura 1 de octubre de 2025; cierre 30 de noviembre de 2025",,,,,,"Costos directamente indicados en el presupuesto de la solicitud para ejecutar el proyecto; la subvención solo puede usarse para el propósito aprobado.",,"Debe completarse dentro de un año fiscal; iniciativas multianuales de hasta 3 años deben postular anualmente",,,"No claro (check)","Cerrada","unknown","No se identifica restricción geográfica contra Chile; una universidad chilena podría ser organización sin fines de lucro, pero debe confirmarse aceptación administrativa (check). (check) Semilla legacy sin verificación web actual. Región provisional; objetivo/alcance conservado sin separación inferida. Elegibilidad legacy Chile: Sí (check) ; universidad: Sí (check)","2026-09-24T14:47:24Z",,"TRUE",,,
"call_d23bf39fe3ade494076e","opp_50591a2175ce2f8f7c2b","legacy_sin_edicion_4be4631e",,,,"Apertura 2 de septiembre de 2025; cierre 2 de diciembre de 2025, 13:00 JST",,,,,,"Gastos relacionados con investigación y conferencias sobre Japón; no encontrado desglose completo en fuente HTML.",,,,,"No claro (check)","Cerrada","unknown","Fuente oficial japonesa indica elegibilidad overseas; fuente institucional chilena UC informa la convocatoria para Chile y beneficios generales. (check) Semilla legacy sin verificación web actual. Región provisional; objetivo/alcance conservado sin separación inferida. Elegibilidad legacy Chile: Sí ; universidad: Sí","2026-09-24T14:47:24Z",,"TRUE",,,
"call_85124a37eb265e574a19","opp_13ba17a88ae58d760846","legacy_sin_edicion_820a893d",,,,"Apertura 2 de septiembre de 2025; cierre 2 de diciembre de 2025, 13:00 JST",,,,,"No","Pasaje aéreo internacional, asignación mensual de manutención, seguro médico, asignación de investigación y apoyo institucional en Japón según fuente institucional chilena.",,,,,"No claro (check)","Cerrada","unknown","El instrumento se parece a una estancia de investigación; se incluye por financiar investigación y no solo movilidad, pero puede ser excluible bajo criterios estrictos de estancias (check). (check) Semilla legacy sin verificación web actual. Región provisional; objetivo/alcance conservado sin separación inferida. Elegibilidad legacy Chile: Sí ; universidad: Sí (check)","2026-09-24T14:47:24Z",,"TRUE",,,
"call_b7a0b89fed30eabced8b","opp_edf9b80cac4bc64fbb92","legacy_sin_edicion_b9dda419",,,,"Apertura 1 de julio de 2024; cierre 2 de septiembre de 2024, 18:00 KST","No encontrado; presupuesto en USD debe ser presentado por la institución",,,"USD",,"Presupuesto del proyecto en USD; resultados de proyecto, publicaciones, informes y productos de difusión.",,"Un año; planes multianuales deben postular anualmente, salvo casos específicos de Korea Chair/Fellow",,,"No claro (check)","Cerrada","unknown","La página 2024 es para Non-U.S.; no menciona explícitamente Chile, pero al estar fuera de EE. UU. parece potencialmente elegible si la universidad chilena cumple condiciones (check). (check) Semilla legacy sin verificación web actual. Región provisional; objetivo/alcance conservado sin separación inferida. Elegibilidad legacy Chile: Sí (check) ; universidad: Sí","2026-09-24T14:47:24Z",,"TRUE",,,
"call_e01ffc188b4c2249ed5e","opp_3cfedca8a132d2127b21","legacy_sin_edicion_38838636",,,,,"Estipendio anual de investigación; monto determinado por la Fundación según costos efectivos",,,,"No","Estipendio de investigación anual desembolsado en cuotas; no encontrado detalle de partidas específicas.",,,"12 meses",,"No claro (check)","Recurrente","unknown","Se dirige a personas, no a proyectos institucionales; se incluye porque financia investigación postdoctoral fuera de Corea, pero no es grant institucional clásico (check). (check) Semilla legacy sin verificación web actual. Región provisional; objetivo/alcance conservado sin separación inferida. Elegibilidad legacy Chile: Sí ; universidad: Sí","2026-09-24T14:47:24Z",,"TRUE",,,
"call_bef7f213fa6c948b9915","opp_88896672566416d0ff01","legacy_sin_edicion_bb649ac4",,,,,"Estipendio mensual: KRW 2.300.000 para Type A y KRW 3.000.000 para Type B; apoyo de entrada KRW 1.000.000 o 1.500.000 para profesores/as titulares/as según categoría",,,"KRW","No","Estipendio mensual, apoyo de entrada, seguro de viaje y pasaje aéreo ida y vuelta solo para residentes en países DAC elegibles; incentivos de investigación según disponibilidad.",,,,,"No claro (check)","Recurrente","unknown","Puede considerarse estancia o trabajo de campo; se incluye porque financia investigación de campo y no solo pasajes/viáticos, pero es un caso discutible (check). (check) Semilla legacy sin verificación web actual. Región provisional; objetivo/alcance conservado sin separación inferida. Elegibilidad legacy Chile: Sí ; universidad: Sí (check)","2026-09-24T14:47:24Z",,"TRUE",,,
"call_7383bde30981fd8f947f","opp_db7d5c1ff6db5dfe2a59","legacy_sin_edicion_3f89d659",,,,"Guías se anuncian en agosto; evaluación y selección hasta diciembre","Presupuesto anual total aprox. KRW 15.000.000; solicitud libre según escala del proyecto; sin límite separado",,,"KRW",,"Gastos académicos vinculados a investigación individual o conjunta; presupuesto libre según escala del proyecto.",,,,,"No claro (check)","Recurrente","unknown","La fuente presenta cinco categorías; se registra solo la categoría de investigación académica, excluyendo conferencias/publicaciones como instrumentos independientes. (check) Semilla legacy sin verificación web actual. Región provisional; objetivo/alcance conservado sin separación inferida. Elegibilidad legacy Chile: Sí ; universidad: Sí","2026-09-24T14:47:24Z",,"TRUE",,,
"call_979f48913a149d8e0715","opp_9e27e296323a55a43e54","legacy_sin_edicion_24e754a2",,,,,,,,,,"Gastos de investigación vinculados a proyectos de estudios chinos; no encontrado desglose completo.",,,,,"No claro (check)","Recurrente","unknown","La página general indica que full-time faculty may apply for research grants; la elegibilidad específica para universidades chilenas debe confirmarse por comité/región (check). (check) Semilla legacy sin verificación web actual. Región provisional; objetivo/alcance conservado sin separación inferida. Elegibilidad legacy Chile: Sí (check) ; universidad: Sí (check)","2026-09-24T14:47:24Z",,"TRUE",,,
"call_9612c73f7bc3a3641003","opp_885d0065a4aa1459b386","legacy_sin_edicion_0342e95a",,,,,,,,,,"Gastos de investigación individual; no encontrado detalle de partidas.",,,,,"No claro (check)","Recurrente","unknown","Información específica incompleta por limitación de acceso a la página; se verifica existencia por programa general y lista de beneficiarios 2023-2024 (check). (check) Semilla legacy sin verificación web actual. Región provisional; objetivo/alcance conservado sin separación inferida. Elegibilidad legacy Chile: Sí (check) ; universidad: Sí (check)","2026-09-24T14:47:24Z",,"TRUE",,,
"call_d155f83c20427ca4672f","opp_16e0dbf0146e76a798db","legacy_sin_edicion_60272d31",,,,,,,,,,"Desarrollo de bases de datos y recursos académicos para investigación; no encontrado detalle de partidas.",,,,,"No claro (check)","Recurrente","unknown","La fuente oficial sobre Database Grants indica apoyo a investigación en Chinese Studies; se requiere verificar si Chile debe postular por región American o Developing (check). (check) Semilla legacy sin verificación web actual. Región provisional; objetivo/alcance conservado sin separación inferida. Elegibilidad legacy Chile: Sí (check) ; universidad: Sí (check)","2026-09-24T14:47:24Z",,"TRUE",,,
"call_159fee6adb6379b090b7","opp_b7b2094c17e9582202da","legacy_sin_edicion_6fe2b2a3",,,,"Permanente; temática elegible actualizada abril de 2025",,,,,,"Proyectos aplicados en prioridades programáticas; se excluye investigación puramente teórica, becas, equipamiento, gastos operativos institucionales, actividades comerciales y bienes de capital.",,,,,"No claro (check)","Abierta","unknown","No es una convocatoria competitiva estándar sino un mecanismo de presentación de ideas; aceptación muy baja y puede derivar o no en grant project (check). (check) Semilla legacy sin verificación web actual. Región provisional; objetivo/alcance conservado sin separación inferida. Elegibilidad legacy Chile: Sí ; universidad: Sí","2026-09-24T14:47:24Z",,"TRUE",,,
"call_396194a576ad6f4f5995","opp_2335859086d0c69fc967","legacy_sin_edicion_d3f96ce7",,,,"Convocatoria 2026 publicada; plazo mencionado en fuentes secundarias: 17 de junio de 2026 (check)","Hasta US$60.000 en total para tres proyectos ganadores; montos por proyecto no completamente claros en la página 2026 (check)",,,"USD",,"Costos de investigación asociados al proyecto; mentoría y apoyo técnico/comunicacional según edición.",,,,,"No claro (check)","Abierta","unknown","Elegibilidad para Chile no está explícita; versiones recientes se orientan a LMIC/Global South, por lo que Chile requiere verificación según clasificación usada por GDN (check). (check) Semilla legacy sin verificación web actual. Región provisional; objetivo/alcance conservado sin separación inferida. Elegibilidad legacy Chile: No claro (check) [Actualización: No] ; universidad: No claro (check) [Actualización: No]","2026-09-24T14:47:24Z",,"TRUE",,,
"call_f0b336b75149a06c8579","opp_1dd85069f54ec399961c","legacy_sin_edicion_0809854d",,,,"Última convocatoria verificable: Call 7, documento fechado 23 de diciembre de 2024 (check)",,,,,"No claro (check)","Costos de evaluación, recolección y análisis de datos, implementación vinculada al diseño evaluativo y gestión de investigación (check).",,,,,"No claro (check)","Cerrada","unknown","Chile no es necesariamente país de ejecución elegible si la convocatoria exige LMIC; podría participar un/a investigador/a chileno/a solo si el proyecto se ejecuta en un país elegible o en alianza permitida (check). (check) Semilla legacy sin verificación web actual. Región provisional; objetivo/alcance conservado sin separación inferida. Elegibilidad legacy Chile: No claro (check) ; universidad: No claro (check)","2026-09-24T14:47:24Z",,"TRUE",,,
"call_c8d63ecfbe3bf24444bb","opp_585510091802011e413f","legacy_sin_edicion_a6289a1b",,,,"Convocatorias regionales variables; página general vigente consultada en 2026","Varía por convocatoria; ejemplo WPRO/TDR citado por fuentes secundarias: hasta US$15.000 (check)",,,"USD","No claro (check)","Investigación de implementación, análisis de datos, actividades de campo, coordinación con socios nacionales e internacionales.",,"Varía por convocatoria; ejemplo regional: hasta 12 meses (check)",,,"No claro (check)","Recurrente","unknown","Elegibilidad depende de cada región OMS y de estatus LMIC; Chile debe verificarse caso a caso y podría no ser elegible en algunos llamados (check). (check) Semilla legacy sin verificación web actual. Región provisional; objetivo/alcance conservado sin separación inferida. Elegibilidad legacy Chile: No claro (check) ; universidad: No claro (check)","2026-09-24T14:47:24Z",,"TRUE",,,
"call_fe6e9d82819da178767c","opp_e3552efbae84b79520c8","legacy_sin_edicion_47daa67b",,,,"Últimas convocatorias verificables: 2022 y 2023; página del programa vigente (check)","US$10.000 por proyecto en convocatoria 2022",,,"USD","No","Gastos asociados al desarrollo de la investigación y producción de resultados sobre el tema de la convocatoria.",,,,,"No claro (check)","Vigencia no verificada (check)","unknown","No se encontró convocatoria 2026 abierta; elegibilidad geográfica no aparece restringida en la página general, pero debe confirmarse en cada edición (check). (check) Semilla legacy sin verificación web actual. Región provisional; objetivo/alcance conservado sin separación inferida. Elegibilidad legacy Chile: Sí (check) ; universidad: No claro (check)","2026-09-24T14:47:24Z",,"TRUE",,,
"call_f7f5bc7658160e11f02b","opp_98caabf5caf30d5077a7","legacy_sin_edicion_8b3c960e",,,,"Página general vigente; llamadas específicas se publican por iniciativa o alianza","No encontrado; techos definidos por cada llamado",,,,,"Investigación, mentoría, fortalecimiento de capacidades y ejecución de iniciativas de impacto social juvenil.",,,,,"No claro (check)","Recurrente","unknown","El esquema no está dirigido específicamente a académicos/as universitarios; incluir solo si el llamado específico permite investigación liderada por jóvenes vinculados a universidad chilena (check). (check) Semilla legacy sin verificación web actual. Región provisional; objetivo/alcance conservado sin separación inferida. Elegibilidad legacy Chile: Sí (check) ; universidad: No claro (check)","2026-09-24T14:47:24Z",,"TRUE",,,
"call_311f9bdffe98fdc8b8e2","opp_ebe89498da1aaf663b83","legacy_sin_edicion_664bba5e",,,,"Convocatoria 2025-2026: plazo 20 de noviembre de 2025; inicio de proyecto febrero de 2026","€6.000 por proyecto según difusión EASSW/IASSW (check)",,,"EUR",,"Costos de investigación, diseminación, reuniones y talleres vinculados al proyecto (check).",,"Ciclo 2025-2026; duración exacta no encontrada",,,"No claro (check)","Cerrada","unknown","Monto y condiciones detalladas no aparecen completamente en la página principal; verificar bases completas de cada ciclo (check). (check) Semilla legacy sin verificación web actual. Región provisional; objetivo/alcance conservado sin separación inferida. Elegibilidad legacy Chile: Sí (check) ; universidad: Sí (check)","2026-09-24T14:47:24Z",,"TRUE",,,
"call_3ae32cc90e3ac648a5ee","opp_c4dca34c84a57de557d6","legacy_sin_edicion_6b4d0dc7",,,,"Convocatorias 2026 con plazos variables; página oficial indica oportunidades con cierres en mayo-junio de 2026","Hasta US$20.000 según guías 2025 y difusión de universidades chilenas (check)",,,"USD",,"Trabajo de campo, investigación, educación, conservación, comunicación, tecnología, materiales y otros costos directos aprobados.",,"Hasta 1-2 años según guías 2025 (check)",,,"No claro (check)","Abierta","unknown","Instrumento global pero con requisitos específicos por oportunidad; no todas las oportunidades son pertinentes para ciencias sociales/humanidades (check). (check) Semilla legacy sin verificación web actual. Región provisional; objetivo/alcance conservado sin separación inferida. Elegibilidad legacy Chile: Sí ; universidad: Sí (check)","2026-09-24T14:47:24Z",,"TRUE",,,
"call_ee73fac6ae3159c1fc91","opp_fe693f2223da83e3745a","legacy_sin_edicion_23cfa231",,,,"Convocatorias 2026 con plazos variables; página oficial indica oportunidades con cierres en mayo-junio de 2026","Hasta US$100.000 según guías 2025 y difusión de universidades chilenas (check)",,,"USD",,"Trabajo de campo, investigación, educación, conservación, comunicación, tecnología, materiales y otros costos directos aprobados.",,"Hasta 1-2 años según guías 2025 (check)",,,"No claro (check)","Abierta","unknown","Instrumento global pero no exclusivamente académico; revisar oportunidad concreta para asegurar pertinencia disciplinar y gastos elegibles (check). (check) Semilla legacy sin verificación web actual. Región provisional; objetivo/alcance conservado sin separación inferida. Elegibilidad legacy Chile: Sí ; universidad: Sí (check)","2026-09-24T14:47:24Z",,"TRUE",,,
"call_6d6e6aad004b6fbdad3c","opp_54c26ad76a010e961afe","legacy_sin_edicion_b4b95c4a",,,,"Acepta postulaciones dos veces al año; convocatoria 2025 con cierre institucional reportado en Chile el 10 de diciembre de 2025 y cierre Spencer el 15 de diciembre de 2025 (check)","Hasta US$50.000",,,"USD","No","Costos directos de investigación; asistentes, consultores, trabajo de campo, datos, software, viajes de investigación; no permite costos indirectos en small grants.",,"1 a 5 años",,,"No claro (check)","Recurrente","unknown","Aunque la fundación está basada en EE. UU., acepta postulaciones internacionales y organizaciones fuera de EE. UU.; requiere equivalencia sin fines de lucro si se adjudica (check). (check) Semilla legacy sin verificación web actual. Región provisional; objetivo/alcance conservado sin separación inferida. Elegibilidad legacy Chile: Sí ; universidad: Sí","2026-09-24T14:47:24Z",,"TRUE",,,
"call_b4b40059e535ebf02ce7","opp_4ecb69c8bdab7ab6251a","legacy_sin_edicion_da2a9970",,,,"Acepta postulaciones una vez al año; página vigente consultada en 2026","US$125.000 a US$500.000, incluyendo hasta 15% de costos indirectos",,,"USD","No","Costos directos de investigación, personal, recolección y análisis de datos, viajes de investigación, coordinación y hasta 15% de costos indirectos.",,"1 a 5 años",,,"No claro (check)","Recurrente","unknown","Aunque la fundación está basada en EE. UU., acepta postulaciones internacionales y organizaciones fuera de EE. UU.; requiere equivalencia sin fines de lucro si se adjudica (check). (check) Semilla legacy sin verificación web actual. Región provisional; objetivo/alcance conservado sin separación inferida. Elegibilidad legacy Chile: Sí ; universidad: Sí","2026-09-24T14:47:24Z",,"TRUE",,,
"call_0ac643bb97d023d96621","opp_0ea778abf59756e8133c","legacy_sin_edicion_e39600cf",,,,"Plazos recurrentes: 1 de mayo y 1 de noviembre","Hasta US$25.000",,,"USD","No","Trabajo de campo, viajes de investigación, recolección de datos, materiales y otros gastos directos justificados; no cubre overhead institucional.",,"Sin límite fijo; puede cubrir fases de investigación según diseño",,,"No claro (check)","Recurrente","unknown","Abierta a cualquier nacionalidad o localización institucional según fuentes oficiales/generales; verificar condiciones del portal en cada ciclo (check). (check) Semilla legacy sin verificación web actual. Región provisional; objetivo/alcance conservado sin separación inferida. Elegibilidad legacy Chile: Sí ; universidad: Sí","2026-09-24T14:47:24Z",,"TRUE",,,
"call_ad1511151a97bc193298","opp_f7f76e07e4d9fb140953","legacy_sin_edicion_0874c1b9",,,,"Plazos recurrentes: 1 de mayo y 1 de noviembre (check)","Hasta US$25.000",,,"USD","No","Costos directos de investigación, trabajo de campo, viajes, materiales, análisis y otros gastos justificados; no cubre overhead institucional.",,"No encontrado; duración flexible según proyecto (check)",,,"No claro (check)","Recurrente","unknown","La página de guía confirma monto; condiciones completas de elegibilidad deben revisarse en portal actual (check). (check) Semilla legacy sin verificación web actual. Región provisional; objetivo/alcance conservado sin separación inferida. Elegibilidad legacy Chile: Sí ; universidad: Sí (check)","2026-09-24T14:47:24Z",,"TRUE",,,
"call_cd63b4475b43c9bcb1f2","opp_849b86ca92bc3de6c228","legacy_sin_edicion_406a4cb1",,,,"Plazo recurrente: 1 de agosto; proyectos desde el 1 de abril del año siguiente","Hasta US$25.000",,,"USD","No claro (check)","Gastos directos de investigación, colaboración comunitaria, trabajo de campo, producción y circulación de resultados; no cubre overhead institucional.",,"No encontrado; duración flexible según proyecto (check)",,,"No claro (check)","Recurrente","unknown","Se debe verificar que el proyecto no sea solo extensión o diseminación; debe tener componente claro de investigación antropológica (check). (check) Semilla legacy sin verificación web actual. Región provisional; objetivo/alcance conservado sin separación inferida. Elegibilidad legacy Chile: Sí ; universidad: Sí (check)","2026-09-24T14:47:24Z",,"TRUE",,,
"call_42be3e33c77307f77dcf","opp_69b1f2105bc222a55b0d","legacy_sin_edicion_3c52d7c4",,,,"Convocatoria 2026: plazo 15 de mayo de 2026 (check)","US$80.000",,,"USD","No","Presupuesto detallado para actividades del proyecto; gastos directos, colaboración, producción pública y difusión; no cubre overhead institucional.",,,,,"No claro (check)","Abierta","unknown","No todo proyecto de antropología pública equivale a investigación académica; incluir solo si la propuesta desarrolla producción de conocimiento verificable (check). (check) Semilla legacy sin verificación web actual. Región provisional; objetivo/alcance conservado sin separación inferida. Elegibilidad legacy Chile: Sí ; universidad: Sí (check)","2026-09-24T14:47:24Z",,"TRUE",,,
"call_44a5fa11f45752451a67","opp_577e735aa5602ef55e1d","legacy_sin_edicion_c5994cbe",,,,"Plazos recurrentes: 10 de enero y 15 de julio (check)","No encontrado en página principal; fuentes secundarias históricas reportan montos variables (check)",,,,,"Gastos directos de investigación, trabajo de campo, análisis, materiales y otros costos justificados en el presupuesto.",,,,,"No claro (check)","Recurrente","unknown","La institución no entrega fondos directamente a individuos y requiere afiliación institucional; monto específico debe verificarse en la convocatoria vigente (check). (check) Semilla legacy sin verificación web actual. Región provisional; objetivo/alcance conservado sin separación inferida. Elegibilidad legacy Chile: Sí ; universidad: Sí (check)","2026-09-24T14:47:24Z",,"TRUE",,,
"call_4ed0cabdf4f5f8c10b62","opp_7bcd8af5557ec612a42e","legacy_sin_edicion_01f0b318",,,,"Convocatoria 2026/2027 reportada en portal; postulaciones con fecha 2026 según portal (check)","No encontrado en página oficial resumida; fuentes secundarias reportan CHF 150.000 por 3 años (check)",,,,,"Parte del salario, asistentes de investigación, equipamiento, asistencia técnica, viajes profesionales y apoyo a trainees.",,,,,"No claro (check)","Cerrada o en evaluación (check)","unknown","Es fellowship con fondos de investigación; no es grant abierto a todas las etapas. Elegibilidad de Chile parece posible por alcance global, pero debe verificarse en portal de cada ciclo (check). (check) Semilla legacy sin verificación web actual. Región provisional; objetivo/alcance conservado sin separación inferida. Elegibilidad legacy Chile: Sí (check) ; universidad: Sí","2026-09-24T14:47:24Z",,"TRUE",,,
"call_7a3004ac155b2a83ea1a","opp_15c5afa57b8d4e9941d7","legacy_sin_edicion_f3ba4b4f",,,,"Convocatoria 2026: aviso publicado 10 de octubre de 2025; plazo 19 de enero de 2026","Hasta US$7.500",,,"USD","No","Gastos de investigación; asistentes y consultores; no PI salary; no entrenamiento, visita o planificación de colaboración.",,,,,"No claro (check)","Cerrada","unknown","Requiere membresía SRCD; la convocatoria alienta postulaciones de instituciones internacionales y países subrepresentados, pero se debe verificar membresía y condiciones de residencia (check). (check) Semilla legacy sin verificación web actual. Región provisional; objetivo/alcance conservado sin separación inferida. Elegibilidad legacy Chile: Sí ; universidad: Sí (check)","2026-09-24T14:47:24Z",,"TRUE",,,
"call_a32ec9324e90a64c18a9","opp_f86bd61688606c93627e","legacy_sin_edicion_09cb6d38",,,,"Oportunidades abiertas en 2026 según portal; plazos variables, incluyendo 16 de junio de 2026 en página de Global Grand Challenges","Varía por oportunidad; no encontrado para el conjunto general",,,,,"Costos de investigación, innovación, desarrollo, implementación piloto, evaluación y otros gastos directos según bases específicas.",,,,,"No claro (check)","Abierta","unknown","No todas las oportunidades son pertinentes a ciencias sociales/humanidades ni todas aceptan Chile; revisar cada desafío para elegibilidad, país y disciplina (check). (check) Semilla legacy sin verificación web actual. Región provisional; objetivo/alcance conservado sin separación inferida. Elegibilidad legacy Chile: No claro (check) ; universidad: No claro (check)","2026-09-24T14:47:24Z",,"TRUE",,,
"call_aa9113c2b783e4310b40","opp_3ed6475af4f5853c8f7d","legacy_sin_edicion_6ae44b6d",,,,"Calendario de revisión por ciclos; página vigente consultada en 2026","No encontrado; depende de la propuesta",,,,,"Costos del proyecto de investigación, personal, actividades, publicación/diseminación y otros costos aprobados según propuesta.",,,,,"No claro (check)","Recurrente","unknown","La elegibilidad internacional no aparece resumida de forma suficiente en la página consultada; debe verificarse en FAQ/portal para una universidad chilena (check). (check) Semilla legacy sin verificación web actual. Región provisional; objetivo/alcance conservado sin separación inferida. Elegibilidad legacy Chile: Sí (check) ; universidad: Sí (check)","2026-09-24T14:47:24Z",,"TRUE",,,
"call_f8703d9c26adac735d60","opp_eb5fd66de4bc2b69d63d","legacy_sin_edicion_fbcce906",,,,"Página vigente consultada en 2026; ciclos definidos por prioridades y portal","No encontrado; depende de la prioridad o portafolio",,,,,"Investigación, desarrollo de herramientas, personal, actividades de proyecto, innovación y diseminación según prioridad.",,,,,"No claro (check)","Recurrente","unknown","No se encontró una convocatoria universal única; opera por prioridades/portafolios. Elegibilidad para universidad chilena debe confirmarse en el portal de cada llamado (check). (check) Semilla legacy sin verificación web actual. Región provisional; objetivo/alcance conservado sin separación inferida. Elegibilidad legacy Chile: Sí (check) ; universidad: Sí (check)","2026-09-24T14:47:24Z",,"TRUE",,,
"call_db0328f9dd74e23a6748","opp_7aa3cf4744d5ed860fdb","legacy_sin_edicion_461efc3d",,,,"Abrió el 24-08-2026; cierre 30-10-2026, 23:59 hora de México","Hasta USD 250.000 por proyecto, según difusión institucional universitaria",,,"USD","No claro (check)","Asesorías, intercambio de expertos, capacitación, información/difusión y otras iniciativas aprobadas; gastos de investigación directa no siempre aparecen como rubro autónomo (check)",,,,,"No claro (check)","Abierta","unknown","1 - No es un grant académico puro; el énfasis oficial es cooperación técnica. Conviene verificar con VID/AGCID si una propuesta de investigación FACSO puede quedar como componente central. (check) Semilla legacy sin verificación web actual. Región provisional; objetivo/alcance conservado sin separación inferida. Elegibilidad legacy Chile: Sí ; universidad: Sí (check)","2026-09-24T14:47:24Z",,"TRUE",,,
"call_ee2b453c68eee5500bec","opp_adfd3a622bc8d01b972a","legacy_sin_edicion_7efb4c7c",,,,"Convocatoria 2026; apertura 28-01-2026; plazo prorrogado hasta mayo de 2026 según comunicados; convocatoria en análisis/cerrada","Valor global de la convocatoria R$ 50.000.000; hasta aprox. CLP $262.000.000 por proyecto según difusión universitaria chilena (check)",,,,"No claro (check)","Becas, gastos operativos/custeio, movilidad, redes y actividades de investigación colaborativa",,"Ejecución 2026-2030 según difusión institucional uruguaya; duración específica por modalidad no encontrada",,,"No claro (check)","Cerrada","unknown","1 - Instrumento altamente pertinente para equipos chilenos, pero conviene revisar modalidad exacta de liderazgo y flujo de fondos para la institución chilena. (check) Semilla legacy sin verificación web actual. Región provisional; objetivo/alcance conservado sin separación inferida. Elegibilidad legacy Chile: Sí ; universidad: Sí","2026-09-24T14:47:24Z",,"TRUE",,,
"call_42cdaa041e0cf51de4a0","opp_fba1db46d032cee76778","legacy_sin_edicion_e3bf41ef",,,,"Convocatoria 2025; deadline FAPESP 01-09-2025; resultados publicados 23-01-2026",,,,,"No claro (check)","Costos de investigación según reglas de FAPESP Regular Research Grant y ANID; viajes y actividades conjuntas según convocatoria (check)",,,,,"No claro (check)","Cerrada","unknown","1 - Muy pertinente para Chile-Brasil, pero área temática ambiental/oceánica limita pertinencia para FACSO salvo proyectos socioambientales, territoriales, culturales o de gobernanza. (check) Semilla legacy sin verificación web actual. Región provisional; objetivo/alcance conservado sin separación inferida. Elegibilidad legacy Chile: Sí ; universidad: Sí","2026-09-24T14:47:24Z",,"TRUE",,,
"call_3891ea2883370cf03ed6","opp_038cf9bb38f2cd72daca","legacy_sin_edicion_1abd650f",,,,"Convocatorias recurrentes; página de concursos vigente verificada en 2026","Variable según convocatoria; No encontrado en página general",,,,"No","Trabajo de investigación, producción de informes, publicaciones, policy briefs, participación en seminarios y actividades de intercambio; rubros exactos varían por llamado",,,,,"No claro (check)","Recurrente","unknown","1 - Registro paraguas útil para monitoreo periódico; cada llamado específico debe bajarse a fila propia cuando abra. (check) Semilla legacy sin verificación web actual. Región provisional; objetivo/alcance conservado sin separación inferida. Elegibilidad legacy Chile: Sí ; universidad: Sí (check)","2026-09-24T14:47:24Z",,"TRUE",,,
"call_4d94c1b9bfe2b519c9a1","opp_894639cf7fdefdc64624","legacy_sin_edicion_0feae9e0",,,,"Convocatoria publicada en 2026; última versión verificable publicada hace 2 meses al momento de búsqueda",,,,,,"Investigación regional, mapeo, análisis de políticas públicas, elaboración de productos de investigación; rubros financieros no encontrados",,,,,"No claro (check)","Cerrada","unknown","1 - Falta verificar bases completas, monto y condiciones financieras; alta pertinencia temática para ciencias sociales y políticas públicas. (check) Semilla legacy sin verificación web actual. Región provisional; objetivo/alcance conservado sin separación inferida. Elegibilidad legacy Chile: Sí ; universidad: Sí (check)","2026-09-24T14:47:24Z",,"TRUE",,,
"call_d8ce535e168a834f3601","opp_648460d7498fb5fea03d","legacy_sin_edicion_d2ed111e",,,,"Convocatoria publicada en 2026; última versión verificable publicada hace 7 meses al momento de búsqueda",,,,,,"Desarrollo de investigación y publicación de resultados; rubros financieros no encontrados",,,,,"No claro (check)","Cerrada","unknown","1 - Falta monto y detalle presupuestario; pertinente para educación superior, sociología del conocimiento, democracia y derechos académicos. (check) Semilla legacy sin verificación web actual. Región provisional; objetivo/alcance conservado sin separación inferida. Elegibilidad legacy Chile: Sí ; universidad: Sí (check)","2026-09-24T14:47:24Z",,"TRUE",,,
"call_79852eeae3dfc9bfa6d3","opp_a8a7405194f735aef4c4","legacy_sin_edicion_31600e71",,,,"Última versión verificable 2024; estado actual no vigente",,,,,,"Investigación comparada, productos de investigación y discusión de resultados; rubros financieros no encontrados",,,,,"No claro (check)","No vigente","unknown","1 - Se conserva por trazabilidad histórica y posible recurrencia temática; verificar si abre nueva fase. (check) Semilla legacy sin verificación web actual. Región provisional; objetivo/alcance conservado sin separación inferida. Elegibilidad legacy Chile: Sí ; universidad: Sí (check)","2026-09-24T14:47:24Z",,"TRUE",,,
"call_750e809fc545eb6d285e","opp_2ff68959ab4ed81cbeea","legacy_sin_edicion_18361a3c",,,,"Convocatoria 2026; apertura 01-05-2026 para laboratorio sobre radicalidad/radicalización; otras convocatorias hasta 17-05-2026","Monto no encontrado; cubre beca/estancia según bases específicas",,,,"No","Manutención/beca, residencia, actividades académicas y desarrollo de proyecto; otros rubros no encontrados",,,"Estancias de investigación de duración variable; ejemplo 3 a 4 meses según convocatoria",,"No claro (check)","Cerrada / Recurrente","unknown","1 - Es una beca de investigación con residencia; incluir solo si se acepta que el proyecto de investigación financiado puede implicar estancia. (check) Semilla legacy sin verificación web actual. Región provisional; objetivo/alcance conservado sin separación inferida. Elegibilidad legacy Chile: Sí ; universidad: Sí (check)","2026-09-24T14:47:24Z",,"TRUE",,,
"call_2d4bc55f8abcf3ebaeed","opp_e4ce4385db4cd7da70cf","legacy_sin_edicion_2303fcee",,,,"Convocatoria 2026; página verificada en 2026",,,,,"No","Beca de residencia, desarrollo de proyecto, participación en actividades CALAS; rubros específicos no encontrados",,"Tres meses de residencia, según convocatoria","Tres meses de residencia, según convocatoria",,"No claro (check)","Cerrada / Recurrente","unknown","1 - Pertinente para académicos/as FACSO senior, pero clasifica parcialmente como estancia; verificar si se quiere mantener bajo criterios estrictos. (check) Semilla legacy sin verificación web actual. Región provisional; objetivo/alcance conservado sin separación inferida. Elegibilidad legacy Chile: Sí ; universidad: Sí (check)","2026-09-24T14:47:24Z",,"TRUE",,,
"call_0d2f0da4c98511b74c1e","opp_88fe4fc5b11dd2251672","legacy_sin_edicion_04f1d68b",,,,"Convocatoria abierta hasta 17-05-2026 para fellowship 2027",,,,,"No","Beca/residencia de investigación; detalles de rubros financieros no encontrados",,"Seis meses en total: cuatro meses en Hamburgo y dos meses en Universidad de Bielefeld","Seis meses en total: cuatro meses en Hamburgo y dos meses en Universidad de Bielefeld",,"No claro (check)","Cerrada","unknown","1 - Aunque CALAS tiene sede principal en México, el financiamiento/residencia es parcialmente Alemania; mantener como oportunidad regional para investigadores LAC si se acepta categoría fellowship. (check) Semilla legacy sin verificación web actual. Región provisional; objetivo/alcance conservado sin separación inferida. Elegibilidad legacy Chile: Sí ; universidad: Sí (check)","2026-09-24T14:47:24Z",,"TRUE",,,
"call_bd40b4b09502c8d11a39","opp_017f41c58ad09d038eb1","legacy_sin_edicion_c23f4708",,,,"Convocatoria 2026; shortlisted antes del 20-08-2026; llamada 2024 y 2026 verificadas","Hasta CAD 55.000 según difusión pública secundaria; confirmar en bases 2026 (check)",,,"CAD",,"Investigación, diseño/piloto de soluciones, generación de evidencia, acciones de política pública; rubros específicos no encontrados",,"Hasta 12 meses según difusión pública secundaria; confirmar en bases 2026 (check)",,,"No claro (check)","Cerrada","unknown","1 - El financiamiento final proviene de IDRC, no de Argentina/Brasil/Uruguay/México; se incluye por operación regional LAC y clara elegibilidad chilena. (check) Semilla legacy sin verificación web actual. Región provisional; objetivo/alcance conservado sin separación inferida. Elegibilidad legacy Chile: Sí ; universidad: Sí","2026-09-24T14:47:24Z",,"TRUE",,,
"call_b66a586b99f12bd93512","opp_6c57d3e86839df508d9f","legacy_sin_edicion_ce70d0c6",,,,"Convocatoria 2024/2025 verificable en Argentina.gob.ar",,,,,"No claro (check)","Movilidades relacionadas con el proyecto e investigadores invitados; otros gastos no encontrados",,,,,"No claro (check)","Cerrada","unknown","1 - Útil como antecedente de cooperación Argentina-Chile/México, pero no cumple plenamente el criterio de financiamiento directo a universidad chilena. (check) Semilla legacy sin verificación web actual. Región provisional; objetivo/alcance conservado sin separación inferida. Elegibilidad legacy Chile: No claro (check) ; universidad: No claro (check)","2026-09-24T14:47:24Z",,"TRUE",,,
"call_1bb9607f4b76298ac899","opp_dd3df679ee567bd8aa4b","legacy_sin_edicion_d48ca4ff",,,,"Convenio vigente/histórico verificado; convocatorias específicas recientes no encontradas",,,,,,"Proyectos conjuntos; en antecedentes históricos financió intercambio/movilidad, no necesariamente ejecución completa de investigación (check)",,,,,"No claro (check)","Vigencia no verificada (check)","unknown","1 - No encontré convocatoria abierta reciente de investigación Chile-Argentina; mantener como alerta de monitoreo, no como oportunidad vigente. (check) Semilla legacy sin verificación web actual. Región provisional; objetivo/alcance conservado sin separación inferida. Elegibilidad legacy Chile: Sí ; universidad: Sí","2026-09-24T14:47:24Z",,"TRUE",,,
"call_eaa381b4bbab58d0c93d","opp_9cb546e41e84f9f5fe90","legacy_sin_edicion_b87d0f15",,,,"Convocatoria 2026; informe de avance antes del 01-10-2026 según fuente; fecha de cierre no encontrada en fuente consultada",,,,,"No claro (check)","Actividades de investigación-desarrollo y cooperación; en programas AmSud suele financiar movilidad/coordinación, por lo que se debe revisar si cubre costos de ejecución (check)",,,,,"No claro (check)","Cerrada / Recurrente","unknown","1 - Muy pertinente para ciencias sociales ambientales, pero falta fuente primaria con bases completas y monto; posible sesgo a movilidad/redes. (check) Semilla legacy sin verificación web actual. Región provisional; objetivo/alcance conservado sin separación inferida. Elegibilidad legacy Chile: Sí ; universidad: Sí","2026-09-24T14:47:24Z",,"TRUE",,,
"call_ff072cefc8f49e5b6787","opp_5dd277c3c26068dba2d8","legacy_sin_edicion_2c76a155",,,,"VI Convocatoria 2025; cierre 15-07-2025; resultados para programa 2025-2027","Ejemplo de resultado: proyecto UNAM-INIA por USD 95.000; monto máximo general no encontrado",,,"USD","No claro (check)","Cooperación técnica y científica; actividades de proyecto aprobadas; fondos administrados según reglas AUCI/AMEXCID/PNUD (check)",,"Programa 2025-2027",,,"No claro (check)","Cerrada","unknown","1 - No cumple plenamente criterio de elegibilidad chilena como responsable; se incluye por pedido específico de México/Uruguay y posible rol como tercer actor. (check) Semilla legacy sin verificación web actual. Región provisional; objetivo/alcance conservado sin separación inferida. Elegibilidad legacy Chile: No claro (check) ; universidad: No claro (check)","2026-09-24T14:47:24Z",,"TRUE",,,
"call_7080c950ae831c5b5617","opp_c2a4e5020f43da8d1e32","legacy_sin_edicion_5c29f99c",,,,"24-02-2025 a 22-05-2025 según ANII",,,,,"No claro (check)","Gastos de investigación según reglas de cada agencia nacional; ANII financia grupos uruguayos",,,,,"No claro (check)","Cerrada","unknown","1 - Requiere verificar convocatoria EU-LAC específica para confirmar elegibilidad y financiamiento chileno; no asumir postulabilidad directa. (check) Semilla legacy sin verificación web actual. Región provisional; objetivo/alcance conservado sin separación inferida. Elegibilidad legacy Chile: No claro (check) ; universidad: No claro (check)","2026-09-24T14:47:24Z",,"TRUE",,,
"call_8aeded1e7802916cf2a4","opp_d9400f3f71e974c6114a","legacy_sin_edicion_ba4755f9",,,,"Convocatoria 2025; ficha ANII verificada en 2026",,,,,"No claro (check)","Investigación transdisciplinaria, codiseño, implementación conjunta, trabajo con socios sociales; gastos según anexos nacionales",,,,,"No claro (check)","Cerrada","unknown","1 - Pertinente para ciencias sociales ambientales, pero la fuente uruguaya no confirma financiamiento para equipos chilenos. (check) Semilla legacy sin verificación web actual. Región provisional; objetivo/alcance conservado sin separación inferida. Elegibilidad legacy Chile: No claro (check) ; universidad: No claro (check)","2026-09-24T14:47:24Z",,"TRUE",,,
