"opportunity_id","tipo_oportunidad","convocatoria","programa","institucion_financiante","institucion_destino","pais","region","idiomas_postulacion","area_disciplinar","objetivo","alcance","perfil_investigador_elegible","etapa_carrera","tipo_investigacion","requisitos_contraparte","rol_permitido_para_postulante","frecuencia_apertura_llamado","frecuencia_normalizada","first_seen","last_seen","active_record","legacy_source_id"
"opp_6741d6df063a90ef9c9e","fondo","General Research Grants: Projects","General Research Grants: Projects","Gerda Henkel Stiftung",,,"Europa",,"Humanidades históricas; Arqueología; Historia; Historia del arte; Derecho histórico; Prehistoria e historia temprana; Estudios islámicos; otras humanidades con enfoque histórico","Financia proyectos de investigación en humanidades históricas. Permite solicitar becas de investigación para participantes, viajes, materiales y contratos menores vinculados al proyecto.",,"Investigadores/as individuales o pequeños equipos; solicitantes deben participar activamente en la investigación y publicar resultados propios.","Doctoral; Postdoctoral; Consolidado","Investigación básica; Interdisciplinaria",,"Investigador/a principal o líder de proyecto","Anual; Permanente para solicitudes menores (check)","no_claro","2026-09-24T14:47:24Z","2026-09-24T14:47:24Z","TRUE","legacy_23b7719484aebde10944"
"opp_5ed244f28a44e40df816","fondo","Funding Programme Democracy","Funding Programme Democracy","Gerda Henkel Stiftung",,,"Europa",,"Ciencias Sociales; Humanidades; Ciencia política; Sociología histórica; Estudios de democracia","Financia grupos de investigación postdoctorales sobre democracia, amenazas, transformaciones y futuros democráticos, con enfoque histórico o contemporáneo.",,"Investigadores/as postdoctorales con vínculo universitario; grupos de al menos dos académicos/as activos/as.","Postdoctoral; Consolidado","Investigación básica; Investigación aplicada; Interdisciplinaria",,"Líder de proyecto / solicitante principal activo/a en la investigación","No claro (check)","no_claro","2026-09-24T14:47:24Z","2026-09-24T14:47:24Z","TRUE","legacy_d2fdea3193a49be5d251"
"opp_d8991b15885de6ca4f85","fondo","Funding Programme Lost Cities","Funding Programme Lost Cities","Gerda Henkel Stiftung",,,"Europa",,"Arqueología; Historia urbana; Humanidades históricas; Ciencias Sociales urbanas con enfoque histórico","Apoya proyectos de investigación sobre ciudades abandonadas, ruinas urbanas y transformaciones históricas de asentamientos urbanos.",,"Investigadores/as postdoctorales basados/as en universidad y del área de humanidades o ciencias sociales.","Postdoctoral; Consolidado","Investigación básica; Interdisciplinaria",,"Investigador/a principal o líder de proyecto","No claro (check)","no_claro","2026-09-24T14:47:24Z","2026-09-24T14:47:24Z","TRUE","legacy_205add3b85fcab39cc97"
"opp_64f5f4e6855b82e2853a","fondo","Funding Programme Forced Migration","Funding Programme Forced Migration","Gerda Henkel Stiftung",,,"Europa",,"Ciencias Sociales; Humanidades; Migración; Derechos humanos; Historia; Antropología; Sociología","Financia proyectos sobre migración forzada y desplazamiento, con posibilidad de becas para solicitantes y participantes, así como costos de investigación.",,"Investigadores/as principales y grupos de investigación; perfil exacto no encontrado en detalle.","Postdoctoral; Consolidado; No encontrado","Investigación básica; Investigación aplicada; Interdisciplinaria",,"Investigador/a principal o solicitante principal","No claro (check)","no_claro","2026-09-24T14:47:24Z","2026-09-24T14:47:24Z","TRUE","legacy_fb5a3a32ff99bbe79818"
"opp_37497214cf0321846585","fondo","Funding Programme Security, Society and the State","Funding Programme Security, Society and the State","Gerda Henkel Stiftung",,,"Europa",,"Ciencias Sociales; Humanidades; Seguridad; Estado; Sociología; Ciencia política; Historia","Apoya investigación sobre seguridad, sociedad y Estado, incluyendo problemas contemporáneos y su contextualización histórica.",,"Investigadores/as con proyecto de investigación; perfil exacto no encontrado en detalle.","Postdoctoral; Consolidado; No encontrado","Investigación básica; Investigación aplicada; Interdisciplinaria",,"Investigador/a principal o solicitante principal","No claro (check)","no_claro","2026-09-24T14:47:24Z","2026-09-24T14:47:24Z","TRUE","legacy_1537b15d126da2bf1f71"
"opp_f30830e5fe9a9d2b229f","fondo","Patrimonies Funding Initiative","Patrimonies Funding Initiative","Gerda Henkel Foundation",,"countries in Africa, Asia and the Pacific region, Latin America and the Caribbean, as well as on non-EU countries in Eastern and Southern Europe","Europa",,"history, archaeology, and art history; historical humanities; restoration and conservation sciences","promueve la preservación del patrimonio cultural, específicamente en regiones que experimentan crisis","internacional, orientado principalmente a regiones en crisis y casos de amenaza aguda","Instituciones o equipos vinculados a patrimonio histórico; perfil exacto no encontrado.","Todas las etapas; No encontrado","investigación vinculada a la preservación del patrimonio cultural, con apoyo a trabajo científico y proyectos de preservación","those responsible in the target country should be involved in the project activities; several applicants from different countries can jointly submit an application","applications must be submitted from the target countries; in cooperation projects, several applicants from different countries can jointly submit an application","No open application procedure","permanente","2026-09-24T14:47:24Z","2026-09-24T14:47:24Z","TRUE","legacy_333598547f13d54cb171"
"opp_6911ae7bfa1ca0676127","fondo","Research grants","Fyssen research grant","Fyssen Foundation",,"Francia","Europa",,"neuroscience, ethology, psychology, anthropology, ethnology, palaeontology, and archaeology","facilitate the execution of research projects that enhance understanding of the mechanisms of behaviour and cognition in living beings, as well as their ontogenetic and phylogenetic development","Enabling young researchers to establish and lead a research group within an academic institution in France. Developing autonomous and innovative research themes. Promoting mobility and attracting high-level early career group leaders to foster a dynamic and progressive research environment.","young researchers of any nationality who have completed their doctoral thesis more than 3 years and less than 10 years ago","early career","innovative scientific projects","host structure in France whose activity aligns with the objectives of the Foundation","Already employed, they will form a research team around them to carry out a collective scientific project within a host structure in France","Each year","anual","2026-09-24T14:47:24Z","2026-09-24T14:47:24Z","TRUE","legacy_e6922ef5a5ef10075186"
"opp_5545f01288fb6cb30971","fondo","Post-doctoral Study grants","Post-doctoral Study Grants","Fyssen Foundation",,"Francia","Europa","inglés y francés","Ethology, Paleontology, Archaeology, Anthropology, Psychology, Epistemology, Logic and Sciences of nervous system","Apoya proyectos postdoctorales en disciplinas vinculadas al estudio de mecanismos del comportamiento y procesos cognitivos.",,"post-doctoral researchers; french or foreign researchers, holders of a foreign Phd; french or foreign researchers holders of a french Phd; researchers of all nationalities who hold a doctoral degree obtained abroad or in France","post-doctoral","research project","invitation letter of the host laboratory","Investigador/a postdoctoral responsable del proyecto","Each year","anual","2026-09-24T14:47:24Z","2026-09-24T14:47:24Z","TRUE","legacy_763a927f47db6ee7987e"
"opp_f0c1969be301fadb6494","fondo","Jacobs CIFAR Research Fellowship Program","Jacobs Foundation Research Fellowship Program","Jacobs Foundation",,,"Europa",,"educación, psicología, economía, sociología, ciencias del comportamiento, informática, pedagogía, lingüística, neurociencias y ciencia del aprendizaje","mejorar el aprendizaje y el desarrollo de niños y jóvenes en todo el mundo","trabajo dedicado a mejorar el aprendizaje y el desarrollo de niños y jóvenes en todo el mundo","investigadores de carrera temprana y media; becarios que hayan recibido el doctorado en los últimos 10 años","doctorado en los últimos 10 años","Investigación básica; Investigación aplicada; Interdisciplinaria",,"fellows","cada año a fines de noviembre, con plazo a inicios de febrero","anual","2026-09-24T14:47:24Z","2026-09-24T14:47:24Z","FALSE","legacy_e406c3ee81f4e055c885"
"opp_e40f5ffa4b17fb9aaffd","fondo","LEVANTE 2026 Call for Proposals","Learning Variability Network Exchange (LEVANTE)","Jacobs Foundation",,,"Europa",,"Educación; Psicología; Desarrollo infantil; Ciencias del aprendizaje; Interdisciplinario","Financia proyectos que se sumen a una red global para estudiar variabilidad del aprendizaje infantil en distintos contextos.",,"Equipos de investigación que propongan proyectos sobre niños/as de 5 a 12 años y variabilidad del aprendizaje; se alientan regiones subrepresentadas.","Todas las etapas; No encontrado","Investigación básica; Investigación aplicada; Interdisciplinaria",,"Investigador/a principal o responsable de proyecto (check)","Anual (check)","no_claro","2026-09-24T14:47:24Z","2026-09-24T14:47:24Z","TRUE","legacy_101a3fbd732fd22843d5"
"opp_4093f8f0ea798789de96","fondo","Klaus J. Jacobs Research Prize","Klaus J. Jacobs Research Prize","Jacobs Foundation",,,"Europa",,"all scholarly disciplines (e.g., educational sciences, psychology, economics, sociology, family studies, media studies, political sciences, linguistics, neurosciences, computer sciences, medical sciences)","improving learning, development, and living conditions of children and youth","dealing with or contributing to the successful development and learning of children and youth","individual researchers who have established themselves as senior researchers with a proven career and several years of active work ahead","senior researchers; several years of active work ahead","Investigación básica; Investigación aplicada; Interdisciplinaria","nomination by someone familiar with their work; applications or nominations by individual researchers","applicant or nominee; individual researcher; can apply directly or be nominated","Anual (check)","no_claro","2026-09-24T14:47:24Z","2026-09-24T14:47:24Z","FALSE","legacy_f97b2bc81340d5492e73"
"opp_0af050615f751ebdaf39","fondo","AXA Chairs","AXA Chairs","AXA Foundation for Human Progress / AXA Research Fund",,,"Europa",,"Interdisciplinario; Ciencias Sociales y Humanidades; Economía; Riesgos; Salud; Clima; Tecnología; Sociedad","Financia cátedras de investigación transdisciplinaria de largo plazo lideradas por investigadores/as senior sobre riesgos complejos, integrando SSH/economía con ciencias naturales, ingeniería o tecnología y socios no académicos.",,"Investigadores/as senior con PhD +10 años; instituciones académicas de todo el mundo registradas en base AXA.","Consolidado","Investigación aplicada; Interdisciplinaria; I+D",,"Chair holder / investigador/a senior líder","No claro (check)","no_claro","2026-09-24T14:47:24Z","2026-09-24T14:47:24Z","TRUE","legacy_7fbbdb353f8764618e6c"
"opp_c19068586f4e977c83a5","fondo","Open Up – New Research Spaces for the Humanities and Cultural Studies","Open Up – New Research Spaces for the Humanities and Cultural Studies","VolkswagenStiftung",,,"Europa",,"Humanidades; Estudios culturales; Interdisciplinario","Financia proyectos que abren nuevos espacios de investigación en humanidades y estudios culturales, con enfoques novedosos y exploratorios.",,"Investigadores/as en humanidades y estudios culturales; elegibilidad institucional completa no encontrada.","Postdoctoral; Consolidado; No encontrado","Investigación básica; Interdisciplinaria",,"Investigador/a principal o equipo de proyecto (check)","No claro (check)","no_claro","2026-09-24T14:47:24Z","2026-09-24T14:47:24Z","TRUE","legacy_3ffc5a31cb1a87cca48d"
"opp_b1b2c50fb65950dd9b1e","fondo","Transformational Knowledge on Democracies under Change – Transdisciplinary Perspectives","Transformational Knowledge on Democracies under Change – Transdisciplinary Perspectives","VolkswagenStiftung",,,"Europa",,"Ciencias Sociales; Humanidades; Estudios culturales; Democracia; Interdisciplinario","Apoya grupos transdisciplinarios sobre democracias en cambio, integrando investigadores/as de humanidades, ciencias culturales y sociales con actores extraacadémicos.",,"Investigadores/as doctorados/as en humanidades, estudios culturales o ciencias sociales; grupos con 2-3 investigadores/as y actores no académicos.","Postdoctoral; Consolidado","Investigación aplicada; Interdisciplinaria",,"Líder de proyecto o co-PI (check)","No claro (check)","no_claro","2026-09-24T14:47:24Z","2026-09-24T14:47:24Z","TRUE","legacy_a68b9739c33d9ddd3582"
"opp_74e32bf2ff6ac05d1d3a","fondo","Horizon Europe – Cluster 2: Culture, Creativity and Inclusive Society, Research and Innovation Actions","Horizon Europe","Comisión Europea",,,"Europa",,"Ciencias Sociales y Humanidades; Democracia; Patrimonio cultural; Transformaciones sociales y económicas; Educación según tópico","Financia proyectos colaborativos de investigación e innovación en democracia, gobernanza, patrimonio, cultura y transformaciones sociales/económicas, con fuerte componente SSH.",,"Consorcios internacionales; entidades de terceros países pueden participar, pero la coordinación y financiamiento dependen de reglas Horizon Europe.","Todas las etapas","Investigación aplicada; I+D; Interdisciplinaria",,"Socio de consorcio; rol de coordinador/IP desde Chile no verificado y financiamiento UE para Chile no automático (check)","Anual","anual","2026-09-24T14:47:24Z","2026-09-24T14:47:24Z","TRUE","legacy_c8a4060593b9a6224699"
"opp_8c52fa506b9d84523d96","ambos","MSCA Staff Exchanges","Marie Skłodowska-Curie Actions / Horizon Europe","Comisión Europea",,,"Europa",,"Todas las áreas; Ciencias Sociales y Humanidades; Educación; Psicología; Interdisciplinario","Financia proyectos colaborativos internacionales basados en intercambio de personal para investigación e innovación, transferencia de conocimiento y colaboración intersectorial.",,"Universidades y organizaciones de investigación en consorcios internacionales; terceros países pueden participar según reglas MSCA.","Todas las etapas","Investigación aplicada; I+D; Interdisciplinaria",,"Socio de proyecto; coordinación/IP desde Chile no verificada (check)","Anual","anual","2026-09-24T14:47:24Z","2026-09-24T14:47:24Z","TRUE","legacy_00e7466d9f1168006a51"
"opp_61c7a8092d884c2544f8","fondo","Research Grants on Education: Small","Research Grants on Education: Small","The Spencer Foundation",,,"América del Norte",,"Educación; Ciencias Sociales; Psicología; Sociología; Antropología; Humanidades; Interdisciplinario","Financia proyectos de investigación académica sobre educación, aprendizaje y mejora de la educación, con diversidad metodológica y disciplinar.",,"Investigadores/as con doctorado; estudiantes de postgrado pueden integrar el equipo pero no figurar como PI o Co-PI.","Postdoctoral; Carrera temprana; Consolidado","Investigación básica; Investigación aplicada; Interdisciplinaria",,"PI o Co-PI, afiliado/a a organización sin fines de lucro o institución pública/gubernamental administradora.","Bianual","no_claro","2026-09-24T14:47:24Z","2026-09-24T14:47:24Z","TRUE","legacy_ba468a7d49030ee2d56e"
"opp_ae0181524fc57e967070","fondo","Research Grants on Education: Large","Research Grants on Education: Large","The Spencer Foundation",,,"América del Norte",,"Educación; Ciencias Sociales; Psicología; Sociología; Antropología; Humanidades; Interdisciplinario","Financia proyectos de investigación académica rigurosos y ambiciosos sobre educación, aprendizaje y mejora de la educación.",,"Investigadores/as con doctorado; estudiantes de postgrado pueden integrar el equipo pero no figurar como PI o Co-PI.","Postdoctoral; Carrera temprana; Consolidado","Investigación básica; Investigación aplicada; Interdisciplinaria",,"PI o Co-PI, afiliado/a a organización sin fines de lucro o institución pública/gubernamental administradora.","Anual","anual","2026-09-24T14:47:24Z","2026-09-24T14:47:24Z","TRUE","legacy_30e549a62e9c65df261f"
"opp_367c1b8a97f79979a580","fondo","Racial Equity Research Grants","Racial Equity Research Grants","The Spencer Foundation",,,"América del Norte",,"Educación; Equidad racial; Ciencias Sociales; Psicología; Sociología; Estudios de género; Interdisciplinario","Apoya investigación en educación orientada a comprender y desarticular desigualdades raciales y avanzar hacia la equidad educativa.",,"Investigadores/as afiliados/as a organización sin fines de lucro o institución pública/gubernamental; requisitos específicos de PI/Co-PI según convocatoria.","Postdoctoral; Carrera temprana; Consolidado","Investigación básica; Investigación aplicada; Interdisciplinaria",,"PI o Co-PI, afiliado/a a organización administradora elegible.","Anual","anual","2026-09-24T14:47:24Z","2026-09-24T14:47:24Z","TRUE","legacy_37c6f87b9a1955ad9c06"
"opp_dc1497cba14034686545","fondo","Research-Practice Partnerships: Collaborative Research for Educational Change","Research-Practice Partnerships: Collaborative Research for Educational Change","The Spencer Foundation",,,"América del Norte",,"Educación; Ciencias Sociales; Psicología; Sociología; Políticas públicas; Interdisciplinario","Financia alianzas investigación-práctica para investigación colaborativa orientada al cambio educativo.",,"Investigadores/as o socios/as de práctica/política con doctorado o experiencia profesional apropiada; estudiantes no pueden ser PI o Co-PI.","Carrera temprana; Consolidado; Todas las etapas","Investigación aplicada; Interdisciplinaria",,"PI o Co-PI; el PI administrador puede ser del lado investigador o de práctica/política.","No claro (check)","no_claro","2026-09-24T14:47:24Z","2026-09-24T14:47:24Z","TRUE","legacy_b7b73527c8ef7c22e8b4"
"opp_ceb994f517ce4b52dc94","fondo","Vision Grants","Vision Grants","The Spencer Foundation",,,"América del Norte",,"Educación; Ciencias Sociales; Psicología; Sociología; Humanidades; Interdisciplinario","Grants de planificación para imaginar y diseñar proyectos colaborativos, metodológicamente diversos, orientados a reimaginar sistemas educativos para la equidad.",,"PI/Co-PI con experiencia apropiada, doctorado o grado terminal; estudiantes pueden integrar equipos pero no figurar como PI o Co-PI.","Carrera temprana; Consolidado; Todas las etapas","Interdisciplinaria; Investigación aplicada",,"PI o Co-PI, afiliado/a a organización sin fines de lucro o institución pública/gubernamental administradora.","Bianual","no_claro","2026-09-24T14:47:24Z","2026-09-24T14:47:24Z","TRUE","legacy_fd88ffa3acceb1bb0f61"
"opp_0ea778abf59756e8133c","fondo","Dissertation Fieldwork Grant","Dissertation Fieldwork Grant","Wenner-Gren Foundation",,,"América del Norte",,"Antropología; Arqueología; Ciencias Sociales; Humanidades; Interdisciplinario","Financia investigación de campo para tesis doctoral en antropología o campos relacionados, con contribución esperada al conocimiento antropológico.",,"Estudiantes doctorales matriculados/as en programa doctoral o equivalente, con requisitos cumplidos salvo tesis antes del inicio del proyecto.","Doctoral","Investigación básica; Investigación aplicada; Interdisciplinaria",,"Postulante principal doctoral; debe designar supervisor/a de la misma institución.","Anual","anual","2026-09-24T14:47:24Z","2026-09-24T14:47:24Z","TRUE","legacy_3af4626d86798d050ed0 | legacy_e39600cf4f7e12024ce5"
"opp_f7f76e07e4d9fb140953","fondo","Post-PhD Research Grant","Post-PhD Research Grant","Wenner-Gren Foundation",,,"América del Norte",,"Antropología; Arqueología; Ciencias Sociales; Humanidades; Interdisciplinario","Financia proyectos individuales de investigación de doctorados/as en antropología o campos relacionados.",,"Investigadores/as con doctorado en antropología o área relacionada; incluye investigadores independientes y senior.","Postdoctoral; Carrera temprana; Consolidado","Investigación básica; Investigación aplicada; Interdisciplinaria",,"Postulante principal individual; investigador/a responsable del proyecto.","Anual","anual","2026-09-24T14:47:24Z","2026-09-24T14:47:24Z","TRUE","legacy_b49368fce7f65f2f7fec | legacy_0874c1b9eb72b708b2d7"
"opp_849b86ca92bc3de6c228","fondo","Engaged Research Grant","Engaged Research Grant","Wenner-Gren Foundation",,,"América del Norte",,"Antropología; Arqueología; Ciencias Sociales; Interdisciplinario; Investigación comunitaria","Financia investigación antropológica comprometida, desarrollada en alianza con comunidades o actores con experiencia vivida en el contexto de investigación.",,"Equipos con doctorados/as o estudiantes doctorales en antropología o campos relacionados; incluye aliados comunitarios.","Doctoral; Postdoctoral; Carrera temprana; Consolidado","Investigación aplicada; Interdisciplinaria",,"Applicant of record; debe tener doctorado o estar matriculado/a en doctorado en antropología o área relacionada.","Anual","anual","2026-09-24T14:47:24Z","2026-09-24T14:47:24Z","TRUE","legacy_13e77d2690b82e3bebb3 | legacy_406a4cb1a25a158d4c38"
"opp_69b1f2105bc222a55b0d","fondo","Global Initiatives Grant","Global Initiatives Grant","Wenner-Gren Foundation",,,"América del Norte",,"Antropología; Ciencias Sociales; Humanidades; Interdisciplinario","Financia iniciativas globales que avancen conocimiento antropológico, impacto, inclusión y condiciones del campo según tema anual.",,"Organizador/a principal con doctorado en antropología o área relacionada; equipos de académicos/as; estudiantes pueden ser co-postulantes.","Postdoctoral; Carrera temprana; Consolidado","Investigación aplicada; Interdisciplinaria",,"Organizador/a principal o investigador/a responsable con doctorado.","Anual","anual","2026-09-24T14:47:24Z","2026-09-24T14:47:24Z","TRUE","legacy_1ed06b1644955dde824a | legacy_3c52d7c4735cb85972a3"
"opp_577e735aa5602ef55e1d","fondo","Research Grants","Research Grants","The Leakey Foundation",,,"América del Norte",,"Arqueología; Antropología biológica; Paleoantropología; Primatología; Evolución humana; Ciencias Sociales relacionadas","Financia proyectos relevantes para orígenes humanos, evolución, comportamiento y supervivencia, incluyendo trabajo de campo y laboratorio.",,"Estudiantes doctorales avanzados/as a candidatura y personas con PhD; deben estar afiliados/as a una institución como universidad o museo.","Doctoral; Postdoctoral; Carrera temprana; Consolidado","Investigación básica; Investigación aplicada",,"PI; una propuesta como investigador/a principal por ciclo.","Anual","anual","2026-09-24T14:47:24Z","2026-09-24T14:47:24Z","TRUE","legacy_5784b0d2bb657b4cc2ac | legacy_c5994cbec70743bff92e"
"opp_3ff926143d8dbe1853e3","fondo","National Geographic Society Grants and Investments - Human Histories & Cultures focus area","Grants and Investments","National Geographic Society",,,"América del Norte",,"Humanidades; Antropología; Arqueología; Patrimonio; Educación; Ciencias Sociales; Interdisciplinario","Apoya proyectos individuales alineados con foco Human Histories & Cultures: preservar conocimiento cultural y comprender historias, culturas, diversidad y evolución humana.",,"Personas mayores de 18 años con experiencia y conexión con el contexto local del proyecto; responsable individual debe redactar solicitud y figurar como project leader.","Todas las etapas","Investigación aplicada; Interdisciplinaria; No encontrado",,"Project leader individual.","Irregular","irregular","2026-09-24T14:47:24Z","2026-09-24T14:47:24Z","TRUE","legacy_6716f877bd2cd66fd62b"
"opp_b16a8a88ba234c784764","fondo","National Geographic Society - Preserving Traditional Arts","Grants and Investments","National Geographic Society; Lindblad Expeditions",,,"América del Norte",,"Humanidades; Patrimonio cultural; Antropología; Artes tradicionales; Educación; Interdisciplinario","Convocatoria para proyectos que apoyen a artistas tradicionales, portadores de conocimiento y practicantes de patrimonio cultural para preservar patrimonio comunitario.",,"Personas mayores de 18 años; project leader con conexión fuerte con el contexto local y responsable de ejecutar el proyecto.","Todas las etapas","Investigación aplicada; Interdisciplinaria",,"Project leader individual.","Puntual","puntual","2026-09-24T14:47:24Z","2026-09-24T14:47:24Z","TRUE","legacy_2935317158efd1b4a745"
"opp_05596a058a42f8ea3572","fondo","Research Grant Program","Research Grant Program","Internet Society Foundation",,,"América del Norte",,"Ciencias Sociales; Educación; Comunicación; Políticas digitales; Tecnología y sociedad; Interdisciplinario","Financia investigación global sobre impactos sociales, ambientales y tecnológicos de Internet, incluyendo acceso inclusivo, sostenibilidad, conectividad significativa y confianza.",,"Investigadores/as individuales u organizaciones/instituciones de todo el mundo; se alienta postulación de grupos subrepresentados y Global Majority.","Todas las etapas","Investigación básica; Investigación aplicada; Interdisciplinaria",,"Investigador/a principal individual o institución/organización postulante.","Irregular","irregular","2026-09-24T14:47:24Z","2026-09-24T14:47:24Z","TRUE","legacy_14e1e43e75e3227fa708"
"opp_5d9ad8e78aa6284090f4","fondo","Learning from Abroad to Reimagine Health Knowledge Systems for Equity and Wellbeing","Global Ideas Fund / Charities Aid Foundation of America (CAF America), para postulantes internacionales seleccionados","Robert Wood Johnson Foundation",,,"América del Norte",,"Ciencias Sociales; Psicología; Salud mental; Políticas públicas; Educación; Equidad; Interdisciplinario","Financia investigación y aprendizaje comparado internacional para reimaginar sistemas de conocimiento en salud orientados a equidad y bienestar, con foco en salud equity en EE. UU.",,"Organizaciones con PI/project director/lead; postulantes internacionales son elegibles, con premio recomendado vía Global Ideas Fund/CAF America.","Todas las etapas","Investigación aplicada; Interdisciplinaria",,"Project director/lead o PI institucional.","Puntual","puntual","2026-09-24T14:47:24Z","2026-09-24T14:47:24Z","TRUE","legacy_58188cc03e0052b9c08e"
"opp_1c867e81a5fecb498ffa","fondo","Researchers in the Global South Grants Program","Researchers in the Global South Grants Program","Society for the Psychological Study of Social Issues (SPSSI)",,,"América del Norte",,"Psicología; Ciencias Sociales; Estudios de género; Racismo; Prejuicio; Problemas sociales; Interdisciplinario","Financia investigación científica sobre problemas sociales en el Sur Global y Majority World, especialmente proyectos reales y no piloto.",,"Miembros/as de SPSSI; preferencia para investigadores/as basados/as en el Sur Global que investiguen problemas sociales en el Sur Global.","Doctoral; Postdoctoral; Carrera temprana; Consolidado","Investigación básica; Investigación aplicada",,"Investigador/a solicitante; puede haber postulaciones conjuntas.","Bianual","no_claro","2026-09-24T14:47:24Z","2026-09-24T14:47:24Z","TRUE","legacy_64cebb2d49d860c99798"
"opp_080a007e6f24408b6c2e","fondo","Grants-in-Aid Program","Grants-in-Aid Program","Society for the Psychological Study of Social Issues (SPSSI)",,,"América del Norte",,"Psicología; Ciencias Sociales; Problemas sociales; Estudios de género; Racismo; Prejuicio; Interdisciplinario","Apoya investigación científica en áreas de problemas sociales vinculadas a los objetivos de SPSSI y poco probables de recibir apoyo tradicional.",,"Miembros/as de SPSSI; estudiantes de postgrado y miembros/as con PhD.","Doctoral; Postdoctoral; Carrera temprana; Consolidado","Investigación básica; Investigación aplicada",,"Investigador/a solicitante; puede haber postulación conjunta.","Bianual","no_claro","2026-09-24T14:47:24Z","2026-09-24T14:47:24Z","TRUE","legacy_8fc5686276ecffb78130"
"opp_2ecdaec52f731ba2c1a5","fondo","Franklin Research Grants","Franklin Research Grants","American Philosophical Society",,,"América del Norte",,"Humanidades; Ciencias Sociales; Arqueología; Educación; Todas las áreas","Apoya costos de investigación conducente a publicación en todas las áreas del conocimiento, especialmente para investigadores/as con doctorado reciente.",,"Investigadores/as con doctorado o publicaciones de calidad doctoral; candidatos/as doctorales no son elegibles.","Postdoctoral; Carrera temprana; Consolidado","Investigación básica; Investigación aplicada",,"Solicitante individual.","Bianual","no_claro","2026-09-24T14:47:24Z","2026-09-24T14:47:24Z","TRUE","legacy_64daf2e4852c6e9ff635"
"opp_5ed6fde327895fd87963","fondo","Visionary Grants","Visionary Grants","American Psychological Foundation (APF)",,,"América del Norte",,"Psicología; Ciencias Sociales; Salud mental; Violencia; Prejuicio; Equidad racial; Interdisciplinario","Financia proyectos de investigación, educación o intervención que usan psicología para resolver problemas sociales prioritarios.",,"Estudiantes de postgrado o investigadores/as de carrera temprana hasta 10 años postdoctorado, afiliados/as a institución educativa/científica, organización sin fines de lucro o entidad gubernamental.","Doctoral; Carrera temprana","Investigación aplicada; Interdisciplinaria",,"Investigador/a solicitante afiliado/a a entidad elegible.","Anual","anual","2026-09-24T14:47:24Z","2026-09-24T14:47:24Z","TRUE","legacy_d6e9dfc1fe913b1e2326"
"opp_d529f9eb15bf5a4f6814","fondo","Grand Challenges Canada - Stars in Global Health (past/recurrent stream)","Grand Challenges Canada - Stars in Global Health (past/recurrent stream)","Grand Challenges Canada",,,"América del Norte",,"Salud global; Psicología; Salud mental; Educación; Ciencias Sociales; Interdisciplinario","Históricamente financia ideas audaces de etapa temprana para probar innovaciones en salud global, incluyendo dimensiones sociales, comunitarias y de bienestar.",,"Innovadores/as u organizaciones elegibles según RFP específico; versiones históricas han incluido organizaciones de Canadá o países de ingresos bajos y medios.","Todas las etapas","I+D; Investigación aplicada; Interdisciplinaria",,"Investigador/a o responsable de innovación según RFP específica.","Irregular","irregular","2026-09-24T14:47:24Z","2026-09-24T14:47:24Z","TRUE","legacy_1da05445c9616574ecd7"
"opp_577fb00e136fb42c677b","fondo","Council on Australia Latin America Relations (COALAR) Grants Program","International Relations Grants Program","Department of Foreign Affairs and Trade (DFAT), Australian Government / Council on Australia Latin America Relations (COALAR)",,,"Oceanía",,"Ciencias Sociales y Humanidades; Educación; Estudios de género; Interdisciplinario; Cultura; Medioambiente; Pueblos originarios","Financia proyectos o actividades que fortalezcan vínculos entre Australia y América Latina. Incluye como área prioritaria Educación e Investigación, por lo que puede financiar colaboraciones académicas o institucionales de investigación de valor para ambas regiones.",,"Personas, organizaciones, universidades u otras entidades elegibles de Australia o de países latinoamericanos listados; Chile aparece explícitamente entre los países elegibles. Si se postula a nombre de una universidad, se requiere carta de apoyo de la oficina de investigación.","Todas las etapas","Interdisciplinaria; Investigación aplicada; No claro (check)",,"Postulante principal / organización solicitante; una universidad chilena puede ser postulante si cumple requisitos y entrega carta de apoyo (check)","Anual","anual","2026-09-24T14:47:24Z","2026-09-24T14:47:24Z","TRUE","legacy_8a14ea10439664b89ab1"
"opp_9300cecb5582e12f7bba","fondo","Global Partnerships Funding Scheme","UQ Global Partnerships","The University of Queensland (UQ)",,,"Oceanía",,"Todas las áreas; Interdisciplinario; Ciencias Sociales y Humanidades potencialmente elegibles (check)","Financia iniciativas de colaboración internacional impulsadas por UQ, incluyendo actividades de construcción de alianzas y colaboración académica con socios globales. Existe evidencia de proyectos y vínculos con Chile, pero la elegibilidad como solicitante principal parece institucionalmente centrada en UQ.",,"Académicos/as o unidades de UQ con socios internacionales; participación de universidades chilenas como socias es posible, pero no se verificó que una universidad chilena pueda postular como institución principal.","Todas las etapas","Interdisciplinaria; No claro (check)",,"Socio internacional; rol de postulante principal para investigador/a residente en Chile no verificado (check)","Irregular / No claro (check)","no_claro","2026-09-24T14:47:24Z","2026-09-24T14:47:24Z","TRUE","legacy_ab0f4e4840c8008cc06d"
"opp_13297f69a8320c2ec70c","fondo","ISIF Asia Grants","Information Society Innovation Fund (ISIF Asia)","APNIC Foundation",,,"Oceanía",,"Interdisciplinario; Desarrollo digital; Tecnología y sociedad; Educación / inclusión digital potencialmente elegible","Financia proyectos innovadores de desarrollo de Internet que aborden desafíos sociales y económicos en Asia-Pacífico, incluyendo investigación, diseño e implementación de soluciones digitales.",,"Organizaciones legalmente registradas en una economía de Asia-Pacífico dentro de la región de servicio de APNIC Foundation; individuos no son elegibles.",,"Investigación aplicada; I+D; Interdisciplinaria",,"Organización solicitante registrada en economía Asia-Pacífico; rol principal para universidad chilena no verificado y probablemente no elegible (check)","Anual / No claro (check)","no_claro","2026-09-24T14:47:24Z","2026-09-24T14:47:24Z","TRUE","legacy_0de65e2b3e2c2fab19ce"
"opp_169dcab395a71d0639c4","fondo","AFIPS Pacific Social Sciences Academic Grants","Australia-France Indo-Pacific Studies Program 2024-2027","Academy of the Social Sciences in Australia (ASSA) / Australia-France Indo-Pacific Studies Program (AFIPS)",,,"Oceanía",,"Ciencias Sociales; Interdisciplinario; Estudios del Pacífico; Medioambiente; Cambio climático; Recursos","Financia proyectos académicos de ciencias sociales orientados a fortalecer colaboraciones en torno a países insulares del Pacífico y territorios franceses de ultramar, con énfasis en investigación, trabajo de campo e intercambio académico.",,"Investigadores/as de carrera temprana y media afiliados/as a Australia, Francia, países Indo-Pacífico y territorios franceses de ultramar.","Carrera temprana; Consolidado","Interdisciplinaria; Investigación aplicada",,"Investigador/a principal afiliado/a a Australia, Francia, países Indo-Pacífico o territorios franceses de ultramar; rol principal para Chile no verificado y probablemente no elegible (check)","Irregular / No claro (check)","no_claro","2026-09-24T14:47:24Z","2026-09-24T14:47:24Z","TRUE","legacy_34af481c62e56fa3b0cd"
"opp_035eb2dcace7243f9503","fondo","AFIPS Indo-Pacific Strategic Environment Grants","Australia-France Indo-Pacific Studies Program 2024-2027","Academy of the Social Sciences in Australia (ASSA) / Australia-France Indo-Pacific Studies Program (AFIPS)",,,"Oceanía",,"Ciencias Sociales; Estudios estratégicos; Relaciones internacionales; Seguridad; Medioambiente; Interdisciplinario","Financia colaboraciones de ciencias sociales sobre el entorno estratégico indo-pacífico, con investigación colaborativa entre investigadores de distintas áreas geográficas elegibles.",,"Investigadores/as de ciencias sociales que vivan y trabajen en Australia, Francia, una nación Indo-Pacífica o territorio francés de ultramar, y que colaboren con investigadores en otra localización elegible.","Carrera temprana; Consolidado; No encontrado","Interdisciplinaria; Investigación aplicada",,"Investigador/a principal en Australia, Francia, país Indo-Pacífico o territorio francés; rol principal para Chile no verificado y probablemente no elegible (check)","Irregular / No claro (check)","no_claro","2026-09-24T14:47:24Z","2026-09-24T14:47:24Z","TRUE","legacy_898acaf698ad4905d353"
"opp_ee7331ebfa61a1e31f84","estancia","Humanities Travelling Fellowships","Humanities Travelling Fellowships","Australian Academy of the Humanities",,,"Oceanía",,"Humanidades; Arqueología; Historia; Estudios culturales; Humanidades digitales; Humanidades ambientales","Financia costos de investigación en el extranjero para investigadores/as de carrera temprana en humanidades, incluyendo acceso a archivos, materiales de investigación y conexión con redes académicas.",,"Investigadores/as de carrera temprana en humanidades; el instrumento está orientado a académicos/as australianos/as o vinculados/as a Australia según las bases (check).","Carrera temprana","Investigación básica; Interdisciplinaria",,"Investigador/a solicitante; elegibilidad de residente en Chile como postulante principal no verificada (check)","Anual","anual","2026-09-24T14:47:24Z","2026-09-24T14:47:24Z","TRUE","legacy_fe8f8b5fc514cbe78e3e"
"opp_2701dcf4522d45686ae4",,"Publication Subsidy Scheme","Sir Frederick and Peter White Fund / Australian Academy of the Humanities grants and awards","Australian Academy of the Humanities",,,"Oceanía",,"Humanidades; Arqueología; Historia; Estudios culturales; Humanidades digitales; Humanidades ambientales","Apoya costos asociados a la publicación de obras académicas que avancen conocimiento en humanidades, dirigido a investigadores/as de carrera temprana.",,"Investigadores/as de carrera temprana en humanidades; elegibilidad internacional no verificada.","Carrera temprana","Investigación básica; No claro (check)",,"Investigador/a solicitante; rol principal desde Chile no verificado (check)","Anual","anual","2026-09-24T14:47:24Z","2026-09-24T14:47:24Z","FALSE","legacy_2f7d84ade0b7aac98bc1"
"opp_ed524c824abc574769f0","fondo","Ernst & Rosemarie Keller Fund","Ernst & Rosemarie Keller Fund","Australian Academy of the Humanities",,,"Oceanía",,"Humanidades; Historia; Literatura; Lengua; Política; Cultura alemana; Estudios de Australia y Asia-Pacífico","Financia actividades de investigación de académicos/as de humanidades australianos cuyo trabajo se relacione con historia, literatura, lengua, política o cultura alemana, o contribuciones alemanas a Australia o Asia-Pacífico.",,"Académicos/as australianos/as de humanidades; elegibilidad de investigadores/as en Chile no verificada.",,"Investigación básica; Interdisciplinaria",,"Investigador/a solicitante; rol principal desde Chile no verificado y probablemente no elegible (check)","Bianual / Trienal (check)","no_claro","2026-09-24T14:47:24Z","2026-09-24T14:47:24Z","TRUE","legacy_5a00d053a1ebfbddceff"
"opp_81d451bed25bdcfdf32b","fondo","Research Grant Program: Interlinkages and Innovation for Future Societies","Research Grant Program: Interlinkages and Innovation for Future Societies","The Toyota Foundation",,,"Asia",,"Ciencias Sociales, Humanidades, Interdisciplinario","Financia proyectos de investigación interdisciplinarios orientados a problemas sociales y al rediseño de sistemas sociales desde la perspectiva de interrelaciones entre personas, sociedad, naturaleza y tecnología.",,"Equipos de investigación de dos o más personas; representante de proyecto de 45 años o menos al inicio de la subvención y con dirección de contacto en Japón.","Carrera temprana; Todas las etapas (check)","Investigación básica; Investigación aplicada; Interdisciplinaria",,"Representante de proyecto; investigador/a responsable de equipo","Anual","anual","2026-09-24T14:47:24Z","2026-09-24T14:47:24Z","TRUE","legacy_c6c28e3bcadc70c81cc7"
"opp_f3d73803181a568e4043","fondo","Grant Program","Grant Program","Toshiba International Foundation",,,"Asia",,"Humanidades, Ciencias Sociales, Estudios japoneses, Interdisciplinario","Apoya proyectos que promuevan el entendimiento internacional de Japón, incluyendo investigación y estudios, seminarios, programas culturales y formación de expertos.",,"Organizaciones sin fines de lucro con cuenta bancaria institucional; no acepta solicitudes para investigación personal o estudios personales fuera del país.","Todas las etapas","Investigación aplicada; Interdisciplinaria",,"Organización postulante; responsable de proyecto institucional","Anual","anual","2026-09-24T14:47:24Z","2026-09-24T14:47:24Z","TRUE","legacy_df44a63cb56a0e915107"
"opp_50591a2175ce2f8f7c2b","fondo","Grant Program for Japanese Studies Projects","Japanese Studies Overseas and Global Partnerships [Dialogue]","The Japan Foundation",,,"Asia",,"Humanidades, Ciencias Sociales, Estudios japoneses","Entrega subvenciones a organizaciones extranjeras para implementar proyectos de estudios japoneses, incluyendo actividades de investigación y desarrollo académico sobre Japón.",,"Organizaciones extranjeras; universidades, institutos de investigación u organizaciones sin fines de lucro que desarrollen estudios japoneses.","Todas las etapas","Investigación básica; Investigación aplicada; Interdisciplinaria",,"Organización postulante; investigador/a responsable o coordinador/a del proyecto","Anual","anual","2026-09-24T14:47:24Z","2026-09-24T14:47:24Z","TRUE","legacy_4be4631e7141f5da2e13"
"opp_13ba17a88ae58d760846","estancia","Japan Foundation Japanese Studies Fellowship Program","Japanese Studies Overseas and Global Partnerships [Dialogue]","The Japan Foundation",,,"Asia",,"Humanidades, Ciencias Sociales, Estudios japoneses","Ofrece a académicos/as e investigadores/as de estudios japoneses oportunidades para realizar investigación en Japón con el objetivo de promover los estudios japoneses en el extranjero.",,"Académicos/as, investigadores/as y doctorandos/as de estudios japoneses afiliados/as a instituciones extranjeras; postulante individual.","Doctoral; Postdoctoral; Carrera temprana; Consolidado","Investigación básica; Interdisciplinaria",,"Fellow / investigador/a individual","Anual","anual","2026-09-24T14:47:24Z","2026-09-24T14:47:24Z","TRUE","legacy_820a893d4e1ebbf3af85"
"opp_edf9b80cac4bc64fbb92","fondo","Support for Policy-Oriented Research Program (Non-U.S.)","Support for Policy-Oriented Research Program (Non-U.S.)","Korea Foundation",,,"Asia",,"Ciencias Sociales, Estudios coreanos, Relaciones internacionales, Políticas públicas","Financia proyectos de investigación orientados a políticas públicas sobre temas políticos, sociales y económicos relacionados con Corea y su impacto internacional.",,"Instituciones de investigación, think tanks o instituciones universitarias afiliadas fuera de Estados Unidos; postulación institucional con director/a de proyecto.","Todas las etapas","Investigación aplicada; Interdisciplinaria",,"Institución postulante; project director","Anual","anual","2026-09-24T14:47:24Z","2026-09-24T14:47:24Z","TRUE","legacy_b9dda4195a64c48f8fb8"
"opp_3cfedca8a132d2127b21","estancia","Fellowship for Postdoctoral Research","Korean Studies Fellowship Program","Korea Foundation",,,"Asia",,"Humanidades, Ciencias Sociales, Artes y cultura, Estudios coreanos","Apoya investigación de tiempo completo de jóvenes doctores/as con tema relacionado con Corea en una universidad u organización de investigación fuera de Corea.",,"Investigadores/as con doctorado reciente o candidatos/as próximos a obtenerlo, con ciudadanía no coreana o residencia permanente en otro país; no deben estar contratados como académicos/as de tiempo completo o investigadores/as de tiempo completo.","Postdoctoral; Carrera temprana","Investigación básica; Interdisciplinaria",,"Fellow postdoctoral / investigador/a responsable de su investigación","Anual","anual","2026-09-24T14:47:24Z","2026-09-24T14:47:24Z","TRUE","legacy_38838636a93aebbec4db"
"opp_88896672566416d0ff01","estancia","Fellowship for Field Research","Korean Studies Fellowship Program","Korea Foundation",,,"Asia",,"Humanidades, Ciencias Sociales, Artes y cultura, Estudios coreanos","Financia investigación de campo in situ en Corea y acceso a recursos para investigadores/as extranjeros/as de estudios coreanos o temas que requieren cooperación estrecha con Corea.",,"Doctorandos/as que completaron cursos; profesores/as universitarios/as de tiempo completo o investigadores/as con doctorado; investigadores/as extranjeros/as en estudios coreanos o temas vinculados a Corea.","Doctoral; Consolidado","Investigación básica; Investigación aplicada; Interdisciplinaria",,"Fellow / investigador/a individual","Anual","anual","2026-09-24T14:47:24Z","2026-09-24T14:47:24Z","TRUE","legacy_bb649ac4eaa551c9c32f"
"opp_db7d5c1ff6db5dfe2a59","fondo","Korean Studies Grant Program - Academic Research: Individual / Joint Research","Center for International Affairs / Korean Studies Grant Program","Academy of Korean Studies",,,"Asia",,"Humanidades, Ciencias Sociales, Estudios coreanos","Entrega apoyo académico a investigadores/as de estudios coreanos afiliados/as a universidades o centros de investigación fuera de Corea; la línea Academic Research financia investigación individual o conjunta.",,"Investigadores/as afiliados/as a instituciones educacionales o de investigación fuera de Corea.","Todas las etapas","Investigación básica; Investigación aplicada; Interdisciplinaria",,"Investigador/a principal individual o de proyecto conjunto","Anual","anual","2026-09-24T14:47:24Z","2026-09-24T14:47:24Z","TRUE","legacy_3f89d6590fcc77931c68"
"opp_9e27e296323a55a43e54","fondo","Research Grants","Research Grants","Chiang Ching-kuo Foundation for International Scholarly Exchange",,,"Asia",,"Humanidades, Ciencias Sociales, Estudios chinos / Sinología","Financia proyectos de investigación sobre estudios chinos en humanidades y ciencias sociales desarrollados por académicos/as afiliados/as a instituciones académicas.",,"Académicos/as de tiempo completo; postulaciones organizadas por región; América Latina parece canalizarse por los programas para la American Region o Developing Region (check).","Consolidado; Todas las etapas (check)","Investigación básica; Interdisciplinaria",,"Investigador/a principal o director/a de proyecto","Anual","anual","2026-09-24T14:47:24Z","2026-09-24T14:47:24Z","TRUE","legacy_24e754a2c9956173e1f9"
"opp_885d0065a4aa1459b386",,"Scholar Grants","Scholar Grants","Chiang Ching-kuo Foundation for International Scholarly Exchange",,,"Asia",,"Humanidades, Ciencias Sociales, Estudios chinos / Sinología","Apoya investigación individual de académicos/as en estudios chinos, como modalidad distinta de los research grants institucionales o de equipo.",,"Académicos/as o investigadores/as elegibles según región; requisitos exactos no encontrados en fuente accesible.","Carrera temprana; Consolidado; No encontrado (check)","Investigación básica; Interdisciplinaria",,"Scholar / investigador/a individual","Anual","anual","2026-09-24T14:47:24Z","2026-09-24T14:47:24Z","FALSE","legacy_0342e95a9c0334f51db3"
"opp_16e0dbf0146e76a798db","fondo","Database Grants","Database Grants","Chiang Ching-kuo Foundation for International Scholarly Exchange",,,"Asia",,"Humanidades, Ciencias Sociales, Estudios chinos / Sinología, Infraestructura de datos académicos","Financia la creación o fortalecimiento de bases de datos académicas para investigación en estudios chinos en humanidades y ciencias sociales.",,"Académicos/as o instituciones que desarrollen recursos de investigación en estudios chinos; requisitos exactos no encontrados.","Todas las etapas (check)","Investigación básica; Infraestructura de investigación; Interdisciplinaria",,"Director/a de proyecto o institución responsable","Anual","anual","2026-09-24T14:47:24Z","2026-09-24T14:47:24Z","TRUE","legacy_60272d314c5c7f93c42b"
"opp_b7b2094c17e9582202da","fondo","Idea Submission - Peacebuilding Program","Idea Submission - Peacebuilding Program","Sasakawa Peace Foundation",,,"Asia",,"Ciencias Sociales, Estudios de paz y conflicto, Género, Derechos humanos, Relaciones internacionales","Permite presentar ideas de colaboración que pueden derivar en proyectos financiados por la Fundación en áreas como peacebuilding, de-radicalization y Women, Peace and Security.",,"Fundaciones, organizaciones sin fines de lucro, instituciones educativas incluidas universidades y organizaciones con actividades sin fines de lucro.","Todas las etapas","Investigación aplicada; Interdisciplinaria",,"Organización proponente; responsable institucional de la idea/proyecto","Permanente","permanente","2026-09-24T14:47:24Z","2026-09-24T14:47:24Z","TRUE","legacy_6fe2b2a365e1a2db9916"
"opp_2335859086d0c69fc967","fondo","Japanese Award for Outstanding Research on Development (ORD)","Global Development Awards Competition (GDAC)","Global Development Network (GDN), con apoyo del Gobierno de Japón",,,"Organismos sin adscripción exclusiva a un continente",,"Ciencias Sociales; Desarrollo; Interdisciplinario","Financia propuestas de investigación sobre desarrollo con implicancias de política pública. La edición 2026 se orienta a cómo las ciencias sociales interactúan con ciencia, tecnología e innovación en el Sur Global y la seguridad humana.",,"Investigadores/as o equipos de investigación, especialmente de países de ingresos bajos y medios; investigadores de ciencias sociales vinculados a temas de desarrollo.","Carrera temprana; Todas las etapas (check)","Investigación aplicada; Interdisciplinaria",,"Investigador/a principal o equipo responsable de la propuesta (check)","Anual","anual","2026-09-24T14:47:24Z","2026-09-24T14:47:24Z","TRUE","legacy_d3f96ce72622054fed3e"
"opp_1dd85069f54ec399961c","fondo","Strategic Impact Evaluation Fund (SIEF) – Call for Proposals 7","Strategic Impact Evaluation Fund (SIEF)","Banco Mundial",,,"Organismos sin adscripción exclusiva a un continente",,"Educación; Desarrollo; Salud pública; Ciencias Sociales; Evaluación de impacto","Financia evaluaciones de impacto en países de ingresos bajos y medios en áreas como desarrollo infantil temprano, nutrición, educación básica, sistemas de salud, agua y saneamiento.",,"Equipos de investigadores/as, implementadores/as y socios de evaluación de impacto; programas implementados por gobiernos, ONG o investigadores.","Todas las etapas","Investigación aplicada; Evaluación de impacto; I+D (check)",,"Responsable de evaluación/propuesta o socio investigador (check)","Irregular","irregular","2026-09-24T14:47:24Z","2026-09-24T14:47:24Z","TRUE","legacy_0809854deb18d18db657"
"opp_585510091802011e413f","fondo","Impact Grants for Regional Priorities","TDR Grants and other funding activities","TDR – Special Programme for Research and Training in Tropical Diseases (UNICEF/UNDP/World Bank/WHO)",,,"Organismos sin adscripción exclusiva a un continente",,"Salud pública; Ciencias Sociales aplicadas; Implementación de políticas; Interdisciplinario","Financia investigación de implementación sobre enfermedades infecciosas de la pobreza, con foco en mejora de salud poblacional y fortalecimiento de capacidades de investigación en países de ingresos bajos y medios.",,"Investigadores/as y equipos de instituciones ubicadas en países/regiones elegibles según cada llamado regional.","Todas las etapas","Investigación aplicada; Interdisciplinaria; Investigación de implementación",,"Investigador/a principal institucional en país/región elegible (check)","Irregular","irregular","2026-09-24T14:47:24Z","2026-09-24T14:47:24Z","TRUE","legacy_a6289a1b57eb5e0239d0"
"opp_e3552efbae84b79520c8","fondo","Silk Roads Youth Research Grant","UNESCO Silk Roads Programme","UNESCO",,,"Organismos sin adscripción exclusiva a un continente",,"Humanidades; Historia; Patrimonio; Cultura; Arqueología; Interdisciplinario","Apoya investigaciones de jóvenes investigadores/as sobre el patrimonio compartido, intercambios culturales y temas asociados a las Rutas de la Seda.",,"Investigadores/as de postgrado de 35 años o menos; proyectos individuales o colaborativos.","Doctoral; Carrera temprana","Investigación básica; Interdisciplinaria",,"Investigador/a individual o parte de proyecto colaborativo","No claro (check)","no_claro","2026-09-24T14:47:24Z","2026-09-24T14:47:24Z","TRUE","legacy_47daa67bb22adeef0375"
"opp_98caabf5caf30d5077a7","fondo","Global Youth Grant Scheme – categoría de investigación","UNESCO Global Youth Grant Scheme (GYGS)","UNESCO y socios relevantes según convocatoria",,,"Organismos sin adscripción exclusiva a un continente",,"Educación; Cultura; Comunicación; Ciencias Sociales; Juventud; Interdisciplinario","Esquema global que apoya iniciativas juveniles, incluyendo investigaciones lideradas por jóvenes con recomendaciones de política para el desarrollo juvenil.",,"Jóvenes, organizaciones lideradas por jóvenes o investigadores/as jóvenes según cada llamado específico.","Doctoral; Carrera temprana (check)","Investigación aplicada; Interdisciplinaria",,"Responsable de proyecto juvenil o de investigación según bases específicas (check)","Irregular","irregular","2026-09-24T14:47:24Z","2026-09-24T14:47:24Z","TRUE","legacy_8b3c960e59ec0c4dc062"
"opp_ebe89498da1aaf663b83","fondo","Call for Collaborative Research Projects","IASSW International Projects","International Association of Schools of Social Work (IASSW) y European Association of Schools of Social Work (EASSW)",,,"Organismos sin adscripción exclusiva a un continente",,"Trabajo Social; Educación en Trabajo Social; Política social; Ciencias Sociales","Financia proyectos colaborativos de investigación que fortalezcan el impacto global de la investigación en educación, práctica y política de trabajo social.",,"Equipos colaborativos de investigación en trabajo social; escuelas o académicos/as vinculados al campo.","Todas las etapas","Investigación aplicada; Interdisciplinaria",,"Equipo o investigador/a responsable del proyecto colaborativo","Irregular","irregular","2026-09-24T14:47:24Z","2026-09-24T14:47:24Z","TRUE","legacy_664bba5ea058b3f40e76"
"opp_c4dca34c84a57de557d6","fondo","National Geographic Society Grants – Level I","Grants and Investments","National Geographic Society",,,"Organismos sin adscripción exclusiva a un continente",,"Arqueología; Antropología; Educación; Patrimonio; Cultura; Medioambiente y sociedad; Interdisciplinario","Financia proyectos de exploración, ciencia, educación, conservación, tecnología y narración que iluminen y protejan el mundo, incluyendo historias y culturas humanas.",,"Personas mayores de 18 años que lideren proyectos; Level I orientado a nuevos/as exploradores/as o personas nuevas en la red NGS.","Carrera temprana; Todas las etapas (check)","Investigación aplicada; Interdisciplinaria; Investigación de campo",,"Project leader / investigador/a responsable","Irregular","irregular","2026-09-24T14:47:24Z","2026-09-24T14:47:24Z","TRUE","legacy_6b4d0dc7b7e0dfa0aa57"
"opp_fe693f2223da83e3745a","fondo","National Geographic Society Grants – Level II","Grants and Investments","National Geographic Society",,,"Organismos sin adscripción exclusiva a un continente",,"Arqueología; Antropología; Educación; Patrimonio; Cultura; Medioambiente y sociedad; Interdisciplinario","Financia proyectos de mayor escala o liderados por personas con trayectoria/experiencia previa, alineados con áreas de foco de National Geographic Society.",,"Investigadores/as, educadores/as, narradores/as o profesionales establecidos; también National Geographic Explorers previos.","Consolidado; Todas las etapas (check)","Investigación aplicada; Interdisciplinaria; Investigación de campo",,"Project leader / investigador/a responsable","Irregular","irregular","2026-09-24T14:47:24Z","2026-09-24T14:47:24Z","TRUE","legacy_23cfa23195859a298261"
"opp_54c26ad76a010e961afe","fondo","Small Research Grants on Education","Research Grants on Education","Spencer Foundation",,,"Organismos sin adscripción exclusiva a un continente",,"Educación; Ciencias Sociales; Psicología educacional; Interdisciplinario","Apoya proyectos de investigación educativa rigurosos e intelectualmente ambiciosos, concebidos ampliamente, con presupuestos pequeños.",,"Investigadores/as y equipos vinculados a una organización administradora; no entrega fondos directamente a individuos.","Todas las etapas","Investigación básica; Investigación aplicada; Interdisciplinaria",,"Investigador/a principal o co-PI con institución administradora","Bianual","no_claro","2026-09-24T14:47:24Z","2026-09-24T14:47:24Z","TRUE","legacy_b4b95c4aaa8b5381482f"
"opp_4ecb69c8bdab7ab6251a","fondo","Large Research Grants on Education","Research Grants on Education","Spencer Foundation",,,"Organismos sin adscripción exclusiva a un continente",,"Educación; Ciencias Sociales; Psicología educacional; Interdisciplinario","Apoya proyectos de investigación educativa de mayor escala que contribuyan al mejoramiento de la educación, concebida ampliamente.",,"Investigadores/as y equipos con organización administradora; no entrega fondos directamente a individuos.","Todas las etapas","Investigación básica; Investigación aplicada; Interdisciplinaria",,"Investigador/a principal o co-PI con institución administradora","Anual","anual","2026-09-24T14:47:24Z","2026-09-24T14:47:24Z","TRUE","legacy_da2a99703113b0daf60d"
"opp_7bcd8af5557ec612a42e","fondo","Jacobs CIFAR Research Fellowship Program","Jacobs Foundation Research Fellowship Program","Jacobs Foundation",,,"Organismos sin adscripción exclusiva a un continente",,"educación, psicología, economía, sociología, ciencias del comportamiento, informática, pedagogía, lingüística, neurociencias y ciencia del aprendizaje","mejorar el aprendizaje y el desarrollo de niños y jóvenes en todo el mundo","trabajo dedicado a mejorar el aprendizaje y el desarrollo de niños y jóvenes en todo el mundo","investigadores de carrera temprana y media; becarios que hayan recibido el doctorado en los últimos 10 años","doctorado en los últimos 10 años","Investigación básica; Investigación aplicada; Interdisciplinaria",,"fellows","cada año a fines de noviembre, con plazo a inicios de febrero","anual","2026-09-24T14:47:24Z","2026-09-24T14:47:24Z","FALSE","legacy_01f0b31806be6fe4ebd0"
"opp_15c5afa57b8d4e9941d7","fondo","Small Grants Program for Early Career Scholars","SRCD Awards & Grants","Society for Research in Child Development (SRCD)",,,"Organismos sin adscripción exclusiva a un continente",,"Psicología; Educación; Desarrollo infantil; Ciencias Sociales; Interdisciplinario","Apoya proyectos específicos de investigación en desarrollo infantil realizados por miembros SRCD en etapa temprana de carrera.",,"Miembros SRCD de carrera temprana que hayan completado o estén por completar el doctorado dentro del rango definido por la convocatoria.","Carrera temprana; Postdoctoral","Investigación básica; Investigación aplicada; Interdisciplinaria",,"Investigador/a principal de carrera temprana","Anual","anual","2026-09-24T14:47:24Z","2026-09-24T14:47:24Z","TRUE","legacy_f3ba4b4f8f8de2776672"
"opp_f86bd61688606c93627e",,"Grant Opportunities / Grand Challenges","Grand Challenges partnership network","Gates Foundation y red Grand Challenges",,,"Organismos sin adscripción exclusiva a un continente",,"Salud global; Desarrollo; Psicología; Ciencias Sociales aplicadas; Educación en salud; Interdisciplinario","Convocatorias temáticas para investigación e innovación orientada a problemas globales de salud y desarrollo; cada oportunidad define tema, elegibilidad y montos.",,"Investigadores/as, organizaciones sin fines de lucro, universidades, centros de investigación u otros postulantes según cada desafío.","Todas las etapas","Investigación aplicada; I+D; Interdisciplinaria",,"Investigador/a principal o responsable institucional según oportunidad","Irregular","irregular","2026-09-24T14:47:24Z","2026-09-24T14:47:24Z","FALSE","legacy_09cb6d38654227b3f678"
"opp_3ed6475af4f5853c8f7d","fondo","Online Funding Inquiry / Research Grants","Templeton Grants","John Templeton Foundation",,,"Organismos sin adscripción exclusiva a un continente",,"Psicología; Filosofía; Ciencias Sociales; Humanidades; Religión; Interdisciplinario","Financia proyectos de investigación y participación pública en áreas como carácter, virtud, libertad, mercados, ciencia y religión, y otras preguntas interdisciplinarias.",,"Investigadores/as, equipos u organizaciones que presenten consulta inicial y eventualmente propuesta completa invitada.","Todas las etapas","Investigación básica; Investigación aplicada; Interdisciplinaria",,"Investigador/a principal o responsable institucional invitado a propuesta completa","Irregular","irregular","2026-09-24T14:47:24Z","2026-09-24T14:47:24Z","TRUE","legacy_6ae44b6d62383cf2dd70"
"opp_eb5fd66de4bc2b69d63d","fondo","Open Funding Inquiry / Research Grants","Templeton World Charity Foundation Grants","Templeton World Charity Foundation",,,"Organismos sin adscripción exclusiva a un continente",,"Psicología; Filosofía; Ciencias Sociales; Cognición; Educación; Interdisciplinario","Financia proyectos innovadores que expanden el conocimiento científico y exploran preguntas sobre significado, propósito, verdad, florecimiento humano y áreas relacionadas.",,"Investigadores/as, equipos u organizaciones que respondan a prioridades o portafolios de la fundación.","Todas las etapas","Investigación básica; Investigación aplicada; Interdisciplinaria",,"Investigador/a principal o responsable institucional invitado a propuesta completa","Irregular","irregular","2026-09-24T14:47:24Z","2026-09-24T14:47:24Z","TRUE","legacy_fbcce906d93f6607cf9a"
"opp_7aa3cf4744d5ed860fdb","fondo","Fondo Conjunto de Cooperación Chile-México 2026","Fondo Conjunto de Cooperación Chile-México","AGCID (Chile) y AMEXCID (México)",,,"América Latina y el Caribe",,"Interdisciplinario; políticas públicas; desarrollo sostenible; investigación aplicada posible (check)","Financia proyectos conjuntos de cooperación técnica entre instituciones de Chile y México. Puede ser pertinente para equipos universitarios cuando el proyecto tiene componente de investigación aplicada, fortalecimiento institucional o generación de evidencia para políticas públicas.",,"Instituciones del sector público de Chile y México; entidades privadas sin fines de lucro orientadas al interés público y con financiamiento público, según bases; investigadores/as universitarios pueden impulsar propuestas vía patrocinio institucional (check).","Todas las etapas","Investigación aplicada; cooperación técnica; interdisciplinaria (check)",,"Responsable técnico/a o integrante desde universidad chilena con patrocinio institucional; la entidad postulante debe cumplir requisitos del Fondo","Anual","anual","2026-09-24T14:47:24Z","2026-09-24T14:47:24Z","TRUE","legacy_461efc3d76640e073634"
"opp_adfd3a622bc8d01b972a","fondo","Programa de Cooperação Latino-Americana e Caribenha em Ciência, Tecnologia e Inovação - PROSUL Pepe Mujica","PROSUL Pepe Mujica; articulación con AUGM","CNPq / MCTI Brasil",,,"América Latina y el Caribe",,"Ciencias humanas y sociales; educación; cultura; política; desigualdades; migraciones; ambiente; interdisciplinario","Apoya proyectos de investigación colaborativa para fortalecer la cooperación científica, tecnológica y de innovación entre Brasil y otros países de América Latina y el Caribe, incluyendo un eje de ciencias humanas y sociales centrado en procesos sociales, históricos, educativos, culturales y políticos regionales.",,"Redes y equipos de investigación con al menos una institución brasileña y una institución de otro país de América Latina y/o el Caribe; participación de universidades chilenas por pertenencia regional y red AUGM (check).","Todas las etapas; equipos consolidados y emergentes (check)","Investigación básica; investigación aplicada; interdisciplinaria; I+D",,"Coordinador/a o socio/a de institución chilena dentro de red con Brasil; el financiamiento principal se tramita ante CNPq desde Brasil (check)","Irregular","irregular","2026-09-24T14:47:24Z","2026-09-24T14:47:24Z","TRUE","legacy_7efb4c7cb124ae8198d8"
"opp_fba1db46d032cee76778","fondo","Joint Call for Proposals PROASA-FAPESP and ANID 2025","Programa FAPESP para o Atlântico Sul e Antártica (PROASA)","FAPESP (Brasil, Estado de São Paulo) y ANID (Chile)",,,"América Latina y el Caribe",,"Interdisciplinario; ciencias sociales y humanas aplicadas a ambiente, sostenibilidad, territorio, océano y Antártica (check)","Convocatoria bilateral para proyectos conjuntos entre investigadores/as de São Paulo y Chile en temas del Atlántico Sur y la Antártica, con posibles enfoques inter/transdisciplinarios vinculados a dimensiones sociales y ambientales.",,"Investigadores/as elegibles bajo FAPESP en instituciones de São Paulo y equipos chilenos elegibles bajo ANID; requiere diseño y presentación conjunta del proyecto.","Todas las etapas; según requisitos ANID/FAPESP","Investigación básica; investigación aplicada; interdisciplinaria; I+D",,"Investigador/a responsable chileno/a ante ANID y contraparte PI en São Paulo ante FAPESP (check)","Irregular","irregular","2026-09-24T14:47:24Z","2026-09-24T14:47:24Z","TRUE","legacy_e3bf41efb5905246847e"
"opp_038cf9bb38f2cd72daca",,"Convocatorias de investigación CLACSO","Promoción de la investigación CLACSO","Consejo Latinoamericano de Ciencias Sociales (CLACSO)",,,"América Latina y el Caribe",,"Ciencias Sociales; Humanidades; Educación; Género; Trabajo Social; Sociología; Antropología; Psicología social; interdisciplinario","Concursos de becas y convocatorias orientadas a ampliar la producción de conocimiento social sobre América Latina y el Caribe, generar articulación con políticas públicas y producir resultados como investigaciones, policy briefs y publicaciones.",,"Investigadores/as, equipos de investigación y centros vinculados a la red CLACSO; condiciones específicas varían por convocatoria.","Doctoral; Postdoctoral; Carrera temprana; Consolidado; Todas las etapas (según convocatoria)","Investigación básica; investigación aplicada; interdisciplinaria",,"Investigador/a individual, equipo o responsable de propuesta según convocatoria; frecuente requisito de pertenencia a centro miembro/asociado CLACSO (check)","Recurrente","no_claro","2026-09-24T14:47:24Z","2026-09-24T14:47:24Z","FALSE","legacy_1abd650f3ef67a54d5e1"
"opp_894639cf7fdefdc64624","fondo","Capacidades estatales, transición energética y justicia climática","Convocatorias de investigación CLACSO","CLACSO",,,"América Latina y el Caribe",,"Ciencias Sociales; políticas públicas; justicia climática; desarrollo; economía política; territorio","Convocatoria de investigación para equipos CLACSO orientada al mapeo y análisis de políticas públicas innovadoras con enfoque de justicia fiscal en América Latina y el Caribe, con foco que incluye Chile.",,"Equipos de investigación de CLACSO; convocatoria con foco territorial Argentina, Costa Rica, Chile, El Salvador, Paraguay y Perú.","Todas las etapas (check)","Investigación aplicada; interdisciplinaria",,"Equipo de investigación CLACSO; posible participación de investigador/a chileno/a en equipo con afiliación institucional (check)","Puntual","puntual","2026-09-24T14:47:24Z","2026-09-24T14:47:24Z","TRUE","legacy_0feae9e09f7414d14873"
"opp_648460d7498fb5fea03d","fondo","Libertad Académica en el Sur Global: aprendizajes sociales e institucionales desde América Latina, el Caribe y África","Convocatorias de investigación CLACSO; colaboración Sur-Sur CLACSO-CODESRIA","CLACSO y CODESRIA",,,"América Latina y el Caribe",,"Ciencias Sociales; Humanidades; educación superior; libertad académica; democracia; derechos humanos","Convocatoria para investigaciones sobre libertad académica en el Sur Global, orientada a aprendizajes sociales e institucionales desde América Latina, el Caribe y África.",,"Investigadores/as y equipos; no se aceptan postulantes que sean becarios/as vigentes de otras convocatorias de investigación, becas o ensayos CLACSO/CODESRIA.","Todas las etapas (check)","Investigación básica; investigación aplicada; interdisciplinaria",,"Investigador/a o equipo de investigación; rol específico sujeto a bases (check)","Puntual","puntual","2026-09-24T14:47:24Z","2026-09-24T14:47:24Z","TRUE","legacy_d2ed111e430a7d0a5a0c"
"opp_a8a7405194f735aef4c4","fondo","Strengthening Comparative Research and Critical Thinking on Academic Freedom in the Americas","Platforms for Social Dialogue Project","CLACSO y Coalition for Academic Freedom in the Americas (CAFA)",,,"América Latina y el Caribe",,"Ciencias Sociales; Humanidades; educación superior; derechos humanos; democracia","Call for Research para apoyar grupos de investigación comparada sobre libertad académica en las Américas, con distribución regional que contempla América Latina y el Caribe.",,"Grupos de investigación; hasta 7 grupos apoyados, distribuidos por regiones de las Américas.","Todas las etapas (check)","Investigación comparada; investigación aplicada; interdisciplinaria",,"Integrante o responsable de grupo de investigación según bases; Chile elegible dentro de Cono Sur/Andes según distribución regional (check)","Puntual","puntual","2026-09-24T14:47:24Z","2026-09-24T14:47:24Z","TRUE","legacy_31600e712e57877a1966"
"opp_2ff68959ab4ed81cbeea","estancia","CALAS Laboratorio de Conocimiento - Fellowships de investigación","CALAS - Crear Horizontes: Aceleraciones, transformaciones y emergencias","Centro Maria Sibylla Merian de Estudios Latinoamericanos Avanzados (CALAS) / Universidad de Guadalajara y sedes regionales",,,"América Latina y el Caribe",,"Ciencias Sociales; Humanidades; estudios latinoamericanos; política; desigualdades; trabajo; cultura; interdisciplinario","Otorga becas de investigación para desarrollar proyectos en el marco de laboratorios temáticos de CALAS, con residencia en sedes como Guadalajara, San José, Quito o Buenos Aires.",,"Investigadores/as con formación universitaria en Humanidades o Ciencias Sociales; grado mínimo doctorado; evaluación de trayectoria, publicaciones y calidad del proyecto.","Postdoctoral; Consolidado","Investigación básica; interdisciplinaria",,"Investigador/a visitante/fellow con proyecto propio; no necesariamente IP desde universidad chilena (check)","Anual / Recurrente (check)","no_claro","2026-09-24T14:47:24Z","2026-09-24T14:47:24Z","TRUE","legacy_18361a3cdd6ff5b97f4e"
"opp_e4ce4385db4cd7da70cf","ambos","Becas de investigador(a) visitante senior CALAS 2026","Centro Maria Sibylla Merian de Estudios Latinoamericanos Avanzados (CALAS)","CALAS / Universidad de Guadalajara y sedes regionales",,,"América Latina y el Caribe",,"Ciencias Sociales; Humanidades; estudios latinoamericanos; crisis y transformaciones","Becas para académicos/as senior de América Latina y el Caribe que desarrollen proyectos de investigación en Humanidades o Ciencias Sociales durante una residencia en sedes CALAS.",,"Académicos/as destacados/as con doctorado, trayectoria y proyecto de investigación pertinente.","Consolidado","Investigación básica; interdisciplinaria",,"Investigador/a visitante senior; postulación individual, no rol de IP institucional chileno (check)","Anual / Recurrente (check)","no_claro","2026-09-24T14:47:24Z","2026-09-24T14:47:24Z","TRUE","legacy_2303fceebc079303dad1"
"opp_88fe4fc5b11dd2251672","ambos","CALAS-HIAS Research Fellowship Hamburg/Bielefeld 2027","CALAS-HIAS Research Fellowship","CALAS / Hamburg Institute for Advanced Study (HIAS) / Universität Bielefeld",,,"América Latina y el Caribe",,"Ciencias Sociales; Humanidades; estudios latinoamericanos; geopolítica; transformación regional","Fellowship para destacados/as académicos/as de América Latina y el Caribe que desarrollen proyectos de investigación sobre cambios geopolíticos y transformación regional en América Latina.",,"Académicos/as destacados/as de América Latina y el Caribe con proyecto interdisciplinario pertinente.","Consolidado","Investigación básica; interdisciplinaria",,"Investigador/a fellow individual; no rol de IP institucional chileno (check)","Anual / Recurrente (check)","no_claro","2026-09-24T14:47:24Z","2026-09-24T14:47:24Z","TRUE","legacy_04f1d68bc73e06fe9bb0"
"opp_017f41c58ad09d038eb1","fondo","Sur Futuro / FutureWORKS - Llamado a propuestas de investigación 2026","FutureWORKS: Skills for a Sustainable and Inclusive Future of Work","Sur Futuro, iniciativa FutureWORKS del IDRC",,,"América Latina y el Caribe",,"Ciencias Sociales; trabajo; educación; género; desarrollo; tecnología; políticas públicas; interdisciplinario","Financia propuestas de investigación innovadoras, rigurosas y de alto impacto sobre transformaciones del mundo del trabajo en América Latina y el Caribe, con perspectiva de género y orientación a políticas públicas.",,"Centros de investigación, universidades, think tanks, laboratorios de ideas y equipos de investigación de América Latina y el Caribe; universidades chilenas pueden liderar o integrar consorcios.","Todas las etapas; equipos de investigación","Investigación aplicada; interdisciplinaria",,"Entidad postulante o líder de consorcio regional; la convocatoria 2024 incluyó proyecto liderado por Universidad Adolfo Ibáñez de Chile","Recurrente","no_claro","2026-09-24T14:47:24Z","2026-09-24T14:47:24Z","TRUE","legacy_c23f4708237fb647011a"
"opp_6c57d3e86839df508d9f","fondo","IICA-MINCyT - Proyectos interamericanos en bioeconomía","Convocatoria conjunta IICA-MINCyT","MINCyT Argentina e Instituto Interamericano de Cooperación para la Agricultura (IICA)",,,"América Latina y el Caribe",,"Interdisciplinario; bioeconomía; desarrollo rural; políticas públicas; tecnologías aplicadas al agro; ciencias sociales aplicadas (check)","Invita a investigadores/as y científicos/as a presentar propuestas de investigación con proyección interamericana sobre bioeconomía y tecnologías aplicadas al agro, con contrapartes señaladas como Chile y México.",,"Equipos de investigación nacionales argentinos y contrapartes interamericanas; la fuente indica contrapartes Chile y México, pero el financiamiento MINCyT solo cubre grupos argentinos (check).","Todas las etapas (check)","Investigación aplicada; I+D; interdisciplinaria",,"Contraparte chilena en proyecto interamericano; no queda claro que pueda ser responsable principal ni recibir fondos directos","Puntual","puntual","2026-09-24T14:47:24Z","2026-09-24T14:47:24Z","TRUE","legacy_ce70d0c6f500cee2eb2a"
"opp_dd3df679ee567bd8aa4b","fondo","Convenio Chile-Argentina para proyectos de investigación científica y tecnológica","Acuerdo marco / convenio de promoción de actividad científica y tecnológica Chile-Argentina","MINCyT Argentina y CONICYT/ANID Chile",,,"América Latina y el Caribe",,"Todas las áreas; Ciencias Sociales y Humanidades potencialmente elegibles según convocatoria específica (check)","Marco bilateral para colaborar en proyectos de investigación científica y tecnológica desarrollados por grupos de investigadores argentinos y chilenos; las áreas se definen en cada convocatoria.",,"Investigadores/as de universidades, instituciones de investigación estatales o privadas sin fines de lucro de Chile y Argentina, según antecedente histórico de convocatorias de intercambio.","Todas las etapas (check)","Investigación básica; investigación aplicada; interdisciplinaria",,"Investigador/a chileno/a contraparte de grupo argentino; rol principal sujeto a convocatoria específica","Irregular","irregular","2026-09-24T14:47:24Z","2026-09-24T14:47:24Z","TRUE","legacy_d48ca4ffd8de8f9be552"
"opp_9cb546e41e84f9f5fe90","fondo","CLIMAT-AmSud 2026","Programas Regionales AmSud","Programa Regional CLIMAT-AmSud; agencias contraparte de Argentina, Brasil, Chile, Colombia, Paraguay, Perú y Uruguay, con cooperación francesa",,,"América Latina y el Caribe",,"Cambio climático; interdisciplinario; ciencias sociales y humanas; ambiente; territorio","Promueve y fortalece colaboración y redes de investigación-desarrollo sobre variabilidad y cambio climático mediante proyectos conjuntos; admite disciplinas sociales y humanas con enfoque interdisciplinario.",,"Equipos de investigación de países participantes, incluyendo Chile, Argentina, Brasil y Uruguay; requiere coordinación internacional del proyecto.","Todas las etapas; equipos de investigación","Investigación aplicada; I+D; interdisciplinaria",,"Coordinador/a internacional o socio/a de proyecto conjunto; Chile participa a través de agencias nacionales (check)","Anual","anual","2026-09-24T14:47:24Z","2026-09-24T14:47:24Z","TRUE","legacy_b87d0f152a3f91e8a043"
"opp_5dd277c3c26068dba2d8","fondo","Fondo Conjunto de Cooperación Técnica y Científica Uruguay-México 2025","Fondo Conjunto Uruguay-México","AUCI Uruguay y AMEXCID México",,,"América Latina y el Caribe",,"Interdisciplinario; salud; desarrollo sostenible; cultura; educación; ciencia aplicada (check)","Promueve proyectos técnicos y científicos en áreas clave para el desarrollo sostenible entre México y Uruguay; admite entidades académicas/de investigación sin fines de lucro asociadas a organismos públicos de sus países.",,"Instituciones del sector público de México y Uruguay; entidades académicas, de investigación, asociaciones y organizaciones civiles sin fines de lucro asociadas con organismo público de su país. La participación de terceros actores se menciona como posibilidad, pero no como postulantes principales (check).","Todas las etapas (check)","Investigación aplicada; cooperación técnica y científica; interdisciplinaria",,"Chile podría participar solo como tercer actor o socio externo si las bases lo permiten; no como postulante principal (check)","Irregular / Recurrente","no_claro","2026-09-24T14:47:24Z","2026-09-24T14:47:24Z","TRUE","legacy_2c76a155073f1c5daf32"
"opp_c2a4e5020f43da8d1e32","fondo","Convocatoria conjunta EU-LAC en Ciencia, Tecnología e Innovación 2025","Espacio Común de Investigación EU-LAC","Grupo de Interés EU-LAC; ANII Uruguay y otras agencias participantes",,,"América Latina y el Caribe",,"Interdisciplinario; depende de ejes temáticos de cada convocatoria; ciencias sociales potenciales según tema (check)","Apoya proyectos internacionales de investigación en el marco del espacio común de investigación EU-LAC. Uruguay participa a través de ANII para financiar grupos uruguayos; la elegibilidad chilena depende de la participación de agencia chilena en el llamado específico.",,"Consorcios internacionales con grupos de los países/agencias participantes; Chile no aparece confirmado en la ficha ANII consultada (check).","Todas las etapas; equipos de investigación","Investigación básica; investigación aplicada; interdisciplinaria; I+D",,"Socio/a de consorcio si Chile cuenta con agencia financiadora participante o si bases permiten participación autofinanciada (check)","Irregular","irregular","2026-09-24T14:47:24Z","2026-09-24T14:47:24Z","TRUE","legacy_5c29f99c798da0d04303"
"opp_d9400f3f71e974c6114a","fondo","Belmont Forum OCEAN 2 - Annex ANII Uruguay","Belmont Forum Collaborative Research Action OCEAN 2","Belmont Forum; ANII Uruguay como agencia participante",,,"América Latina y el Caribe",,"Ciencias Sociales; Humanidades; economía; ambiente; océanos; transdisciplinario","Convocatoria transdisciplinaria para desafíos ambientales globales relacionados con océanos, con requisito de consorcios de tres o más países y participación de ciencias sociales/humanidades/economía, ciencias naturales y socios sociales.",,"Consorcios de al menos tres participantes de tres países distintos que soliciten apoyo de al menos tres organizaciones de financiamiento participantes; ANII financia grupos uruguayos.","Todas las etapas; equipos de investigación","Investigación aplicada; interdisciplinaria; transdisciplinaria",,"Chile podría participar si cuenta con fuente financiadora participante o como socio autofinanciado según bases del Belmont Forum; no confirmado en fuente ANII (check)","Irregular","irregular","2026-09-24T14:47:24Z","2026-09-24T14:47:24Z","TRUE","legacy_ba4755f9b2368a180301"
