"review_id","opportunity_id","call_id","source_id","reason","details","created_at","status"
"review_5878087d5f7cd5cf0835","opp_6741d6df063a90ef9c9e","call_aa845571a767fb912111",,"legacy_verification","Elegibilidad para universidad chilena no aparece formulada como lista de países; inferida por carácter internacional y proyectos mundiales (check) (check) Semilla legacy sin verificación web actual. Región provisional; objetivo/alcance conservado sin separación inferida. Elegibilidad legacy Chile: Sí (convocatoria internacional; proyectos financiados mundialmente) ; universidad: Sí (se permite cuenta institucional para fondos aprobados; universidad chilena plausible como institución administradora) (check)","2026-09-24T14:47:25Z","pending"
"review_453589d953ffe002f866","opp_5ed244f28a44e40df816","call_e314d56375cbd164f842",,"legacy_verification","Fuente secundaria usada para fecha/montos detallados cuando la página oficial no mostraba todo en el extracto; verificar bases completas antes de postular (check) (check) Semilla legacy sin verificación web actual. Región provisional; objetivo/alcance conservado sin separación inferida. Elegibilidad legacy Chile: Sí (convocatoria internacional; no restringida explícitamente a Alemania) (check) ; universidad: Sí (requiere vínculo universitario; una universidad chilena parece admisible si cumple condiciones institucionales) (check)","2026-09-24T14:47:25Z","pending"
"review_bb9797d3141023691ab0","opp_d8991b15885de6ca4f85","call_4dafe6a76653a867b894",,"legacy_verification","Vigencia y fecha de nueva convocatoria no verificadas (check) (check) Semilla legacy sin verificación web actual. Región provisional; objetivo/alcance conservado sin separación inferida. Elegibilidad legacy Chile: Sí (convocatoria internacional; no se encontró restricción nacional) (check) ; universidad: Sí (requiere base universitaria) (check)","2026-09-24T14:47:25Z","pending"
"review_a1e799ce2696c52d0628","opp_64f5f4e6855b82e2853a","call_2d2a3c42ccd24b0009f5",,"legacy_verification","Información sintética; se requiere verificar bases vigentes y fecha antes de postular (check) (check) Semilla legacy sin verificación web actual. Región provisional; objetivo/alcance conservado sin separación inferida. Elegibilidad legacy Chile: Sí (convocatoria internacional; no se encontró restricción nacional) (check) ; universidad: Sí (si la universidad chilena puede administrar fondos o acreditar vínculo institucional) (check)","2026-09-24T14:47:25Z","pending"
"review_cb188b72125dc2bed87e","opp_37497214cf0321846585","call_06d83f5d191fcf487fdc",,"legacy_verification","No se encontró página específica con bases vigentes en la búsqueda; registrar como verificable solo a nivel de programa activo de la fundación (check) (check) Semilla legacy sin verificación web actual. Región provisional; objetivo/alcance conservado sin separación inferida. Elegibilidad legacy Chile: Sí (convocatoria internacional de la fundación; no se encontró restricción nacional) (check) ; universidad: Sí (si existe vínculo y administración institucional) (check)","2026-09-24T14:47:25Z","pending"
"review_fa802b484dc13f6931cb","opp_f30830e5fe9a9d2b229f","call_31eb145b23dd30ff9e97",,"legacy_verification","Puede ser más patrimonial que investigación académica estricta; incluir solo si el proyecto tiene componente investigativo claro (check) (check) Semilla legacy sin verificación web actual. Región provisional; objetivo/alcance conservado sin separación inferida. Elegibilidad legacy Chile: Sí (no se encontró restricción nacional explícita) (check) ; universidad: No claro (check)","2026-09-24T14:47:25Z","pending"
"review_31a5d001d77c754b2eed","opp_6911ae7bfa1ca0676127","call_e8d17aae64b7d4ff00b7",,"legacy_verification","La fuente oficial no explicita Chile por nombre; elegibilidad internacional debe confirmarse en formulario vigente (check) (check) Semilla legacy sin verificación web actual. Región provisional; objetivo/alcance conservado sin separación inferida. Elegibilidad legacy Chile: Sí (convocatoria internacional; no se encontró restricción territorial para IP) (check) ; universidad: Sí (si la universidad chilena actúa como laboratorio/institución de adscripción) (check)","2026-09-24T14:47:25Z","pending"
"review_78729de9c9812833b73e","opp_5545f01288fb6cb30971","call_c96cda67b58626f1fed3",,"legacy_verification","Se asemeja a beca/estancia postdoctoral; incluir solo si se acepta como proyecto postdoctoral financiado, no como simple movilidad (check) (check) Semilla legacy sin verificación web actual. Región provisional; objetivo/alcance conservado sin separación inferida. Elegibilidad legacy Chile: Sí, pero usualmente condicionado a realizar estancia/proyecto en Francia si el/la investigador/a es extranjero/a (check) ; universidad: No claro (check)","2026-09-24T14:47:25Z","pending"
"review_a02d51b8d8fd035fa45a","opp_f0c1969be301fadb6494","call_7128183ceb167fb22399",,"legacy_scope","Monto no encontrado en extracto oficial; verificar guía de postulación completa (check) (check) Semilla legacy sin verificación web actual. Región provisional; objetivo/alcance conservado sin separación inferida. Elegibilidad legacy Chile: Sí (programa globalmente competitivo; aprendizaje/desarrollo infantil mundial) ; universidad: Sí (fondos se entregan directamente a la institución del/la fellow; universidad chilena plausible) (check)","2026-09-24T14:47:25Z","pending"
"review_8354bfcebccf9bc609e1","opp_e40f5ffa4b17fb9aaffd","call_68c8091aedcc17e36da4",,"legacy_verification","Revisar sitio LEVANTE para bases completas; gastos y condiciones institucionales no visibles en extracto (check) (check) Semilla legacy sin verificación web actual. Región provisional; objetivo/alcance conservado sin separación inferida. Elegibilidad legacy Chile: Sí (convocatoria global; fomenta regiones subrepresentadas) ; universidad: Sí (postulación desde institución académica; universidad chilena plausible) (check)","2026-09-24T14:47:25Z","pending"
"review_b9d047c7efa0ef34e26c","opp_4093f8f0ea798789de96","call_f005feaeb8a178f0a813",,"legacy_scope","Es un premio con dotación de investigación; criterio discutible frente a exclusión de premios sin proyecto específico (check) (check) Semilla legacy sin verificación web actual. Región provisional; objetivo/alcance conservado sin separación inferida. Elegibilidad legacy Chile: Sí (convocatoria internacional; postulaciones/nominaciones de investigadores individuales) (check) ; universidad: No claro (check)","2026-09-24T14:47:25Z","pending"
"review_968fd17aeb6f6176da51","opp_0af050615f751ebdaf39","call_18c91daf4207e4fff7ce",,"legacy_verification","Debe integrar al menos una disciplina SSH/economía y una natural/ingeniería/tecnología; no es exclusivo de ciencias sociales (check) (check) Semilla legacy sin verificación web actual. Región provisional; objetivo/alcance conservado sin separación inferida. Elegibilidad legacy Chile: Sí (abierta a investigadores/as e instituciones académicas worldwide) ; universidad: Sí (universidad chilena elegible si está/puede estar registrada como institución académica AXA) (check)","2026-09-24T14:47:25Z","pending"
"review_938f08bdb20362966784","opp_c19068586f4e977c83a5","call_bda37515cf2da272af07",,"legacy_verification","La VolkswagenStiftung suele exigir vínculo con institución alemana en varias líneas; no se verificó si universidad chilena puede ser institución líder (check) (check) Semilla legacy sin verificación web actual. Región provisional; objetivo/alcance conservado sin separación inferida. Elegibilidad legacy Chile: No claro (check) ; universidad: No claro (check)","2026-09-24T14:47:25Z","pending"
"review_cb78be822cb132ea77e8","opp_b1b2c50fb65950dd9b1e","call_253aed53b0101b6fca55",,"legacy_verification","Aunque menciona investigadores/as internacionales, no quedó verificado que un/a residente en Chile pueda ser IP con universidad chilena como institución administradora (check) (check) Semilla legacy sin verificación web actual. Región provisional; objetivo/alcance conservado sin separación inferida. Elegibilidad legacy Chile: No claro (check) ; universidad: No claro (check)","2026-09-24T14:47:25Z","pending"
"review_b134314c82693ddc1a6b","opp_74e32bf2ff6ac05d1d3a","call_8657289547281dbb4009",,"legacy_verification","Chile no figura entre países LAC automáticamente financiables según EURAXESS; puede participar, pero financiamiento y rol de IP requieren verificación por tópico o financiamiento complementario (check) (check) Semilla legacy sin verificación web actual. Región provisional; objetivo/alcance conservado sin separación inferida. Elegibilidad legacy Chile: No claro (check) ; universidad: No claro (check)","2026-09-24T14:47:25Z","pending"
"review_0671f65ed7822d487ca2","opp_8c52fa506b9d84523d96","call_32cf7ff009feeb54073a",,"legacy_verification","Incluye movilidad/intercambio como mecanismo central; puede caer en exclusión si no se considera proyecto de investigación colaborativo (check) (check) Semilla legacy sin verificación web actual. Región provisional; objetivo/alcance conservado sin separación inferida. Elegibilidad legacy Chile: No claro (check) ; universidad: Sí (universidades chilenas pueden participar como terceros países; financiamiento directo no siempre automático) (check)","2026-09-24T14:47:25Z","pending"
"review_9c5b15957a353312b327","opp_8c52fa506b9d84523d96","call_32cf7ff009feeb54073a",,"possible_duplicate","opp_74e32bf2ff6ac05d1d3a","2026-09-24T14:47:25Z","pending"
"review_f061115f495e03f884e5","opp_61c7a8092d884c2544f8","call_b15e7b35f0fd6c94d5df",,"legacy_verification","Propuestas aceptadas internacionalmente y universidades fuera de EE. UU. pueden ser organización equivalente; revisar políticas vigentes y overhead antes de postular (check). (check) Semilla legacy sin verificación web actual. Región provisional; objetivo/alcance conservado sin separación inferida. Elegibilidad legacy Chile: Sí ; universidad: Sí","2026-09-24T14:47:25Z","pending"
"review_d09042e37796bc5b1fd1","opp_ae0181524fc57e967070","call_d354d3be4682f4cf77e1",,"legacy_verification","Elegibilidad internacional explícita; confirmar calendario vigente de prepropuesta y requisitos institucionales al postular (check). (check) Semilla legacy sin verificación web actual. Región provisional; objetivo/alcance conservado sin separación inferida. Elegibilidad legacy Chile: Sí ; universidad: Sí","2026-09-24T14:47:25Z","pending"
"review_ec2fd3ec532f2d03f336","opp_ae0181524fc57e967070","call_d354d3be4682f4cf77e1",,"possible_duplicate","opp_61c7a8092d884c2544f8","2026-09-24T14:47:25Z","pending"
"review_e97b8c44612ced6e8f47","opp_367c1b8a97f79979a580","call_5348a8a2ff9a80cdf3f6",,"legacy_verification","El plazo de Intent to Apply ya pasó; solo sería viable para postulantes que lo hayan completado oportunamente (check). (check) Semilla legacy sin verificación web actual. Región provisional; objetivo/alcance conservado sin separación inferida. Elegibilidad legacy Chile: Sí ; universidad: Sí","2026-09-24T14:47:25Z","pending"
"review_d4e2a296e26d7353e334","opp_dc1497cba14034686545","call_9db7c42a5ef3dd23f355",,"legacy_verification","Elegibilidad internacional explícita; requiere al menos un Co-PI desde la contraparte de práctica/política o investigación según corresponda (check). (check) Semilla legacy sin verificación web actual. Región provisional; objetivo/alcance conservado sin separación inferida. Elegibilidad legacy Chile: Sí ; universidad: Sí","2026-09-24T14:47:25Z","pending"
"review_bc5711467f1b33542014","opp_ceb994f517ce4b52dc94","call_41c3dd52983962061690",,"legacy_verification","Financia planificación de investigación, no ejecución plena; los equipos financiados pueden postular luego a Transformative Research Grant u otros programas (check). (check) Semilla legacy sin verificación web actual. Región provisional; objetivo/alcance conservado sin separación inferida. Elegibilidad legacy Chile: Sí ; universidad: Sí","2026-09-24T14:47:25Z","pending"
"review_b3e027f52582fff8ab37","opp_0ea778abf59756e8133c","call_96746b34818aca8db2ca",,"legacy_verification","Elegibilidad por nacionalidad e institución explícitamente amplia; confirmar si la universidad chilena acepta administrar o respaldar el flujo de fondos cuando corresponda (check). (check) Semilla legacy sin verificación web actual. Región provisional; objetivo/alcance conservado sin separación inferida. Elegibilidad legacy Chile: Sí ; universidad: Sí","2026-09-24T14:47:25Z","pending"
"review_46341b3a05c2822da4ce","opp_f7f76e07e4d9fb140953","call_b62de93354b0c2f96c6e",,"legacy_verification","Elegibilidad por nacionalidad o adscripción institucional explícitamente amplia; no exige universidad, pero la adscripción chilena es compatible (check). (check) Semilla legacy sin verificación web actual. Región provisional; objetivo/alcance conservado sin separación inferida. Elegibilidad legacy Chile: Sí ; universidad: Sí","2026-09-24T14:47:25Z","pending"
"review_3d3aaace399876b510ec","opp_849b86ca92bc3de6c228","call_ded514a559033d9fb6d2",,"legacy_verification","Requiere evidencia de compromiso y apoyo comunitario; no puede combinarse el mismo año con Dissertation Fieldwork o Post-PhD Research Grant (check). (check) Semilla legacy sin verificación web actual. Región provisional; objetivo/alcance conservado sin separación inferida. Elegibilidad legacy Chile: Sí ; universidad: Sí","2026-09-24T14:47:25Z","pending"
"review_d574423665147864b279","opp_69b1f2105bc222a55b0d","call_fb142264fbe5524d55fd",,"legacy_verification","El instrumento puede financiar iniciativas más amplias que un proyecto de investigación tradicional; evaluar ajuste al tema anual antes de postular (check). (check) Semilla legacy sin verificación web actual. Región provisional; objetivo/alcance conservado sin separación inferida. Elegibilidad legacy Chile: Sí ; universidad: Sí","2026-09-24T14:47:25Z","pending"
"review_e5bffc20e12a4bbb6953","opp_577e735aa5602ef55e1d","call_b649a75a5e060beb5dd8",,"legacy_verification","El área elegible está limitada a orígenes humanos; investigadores/as de humanidades/ciencias sociales solo aplican si el proyecto calza con prioridades de la Fundación (check). (check) Semilla legacy sin verificación web actual. Región provisional; objetivo/alcance conservado sin separación inferida. Elegibilidad legacy Chile: Sí ; universidad: Sí","2026-09-24T14:47:25Z","pending"
"review_011b4b9e5531b4ba3b81","opp_577e735aa5602ef55e1d","call_b649a75a5e060beb5dd8",,"possible_duplicate","opp_6911ae7bfa1ca0676127","2026-09-24T14:47:25Z","pending"
"review_5664f2fc03f084d36229","opp_3ff926143d8dbe1853e3","call_97246317969d698b1510",,"legacy_verification","No todas las RFP son investigación académica; registrar solo cuando la oportunidad específica financie investigación/patrimonio/conocimiento y permita liderazgo desde Chile (check). (check) Semilla legacy sin verificación web actual. Región provisional; objetivo/alcance conservado sin separación inferida. Elegibilidad legacy Chile: Sí ; universidad: No claro (check)","2026-09-24T14:47:25Z","pending"
"review_71d9ee6af0d3d2ba1097","opp_b16a8a88ba234c784764","call_d68c8b84a3fb9200079b",,"legacy_verification","Puede no ser investigación académica en sentido estricto; incluir solo si el proyecto contempla investigación, documentación o producción de conocimiento sobre patrimonio (check). (check) Semilla legacy sin verificación web actual. Región provisional; objetivo/alcance conservado sin separación inferida. Elegibilidad legacy Chile: Sí ; universidad: No claro (check)","2026-09-24T14:47:25Z","pending"
"review_a07269aa2b409a40a91b","opp_b16a8a88ba234c784764","call_d68c8b84a3fb9200079b",,"possible_duplicate","opp_3ff926143d8dbe1853e3","2026-09-24T14:47:25Z","pending"
"review_ef64dbc4c90f5d05639b","opp_05596a058a42f8ea3572","call_bfb08c54b56205362f14",,"legacy_verification","Áreas disciplinares aplican si el proyecto aborda dimensiones sociales, educativas, regulatorias o culturales de Internet; revisar gastos permitidos en bases completas (check). (check) Semilla legacy sin verificación web actual. Región provisional; objetivo/alcance conservado sin separación inferida. Elegibilidad legacy Chile: Sí ; universidad: Sí","2026-09-24T14:47:25Z","pending"
"review_e3ac149dc7039ea4a5cf","opp_5d9ad8e78aa6284090f4","call_d8eeed69304804ac583c",,"legacy_verification","Todos los proyectos deben enfocarse en mejorar la equidad en salud en EE. UU.; no financia proyectos exclusivamente fuera de EE. UU. (check). (check) Semilla legacy sin verificación web actual. Región provisional; objetivo/alcance conservado sin separación inferida. Elegibilidad legacy Chile: Sí ; universidad: Sí","2026-09-24T14:47:25Z","pending"
"review_34def2346043776a08a5","opp_1c867e81a5fecb498ffa","call_8cc92144222439104860",,"legacy_verification","Exige membresía SPSSI; no se identifica restricción de institución chilena, pero la universidad puede figurar como afiliación del investigador/a (check). (check) Semilla legacy sin verificación web actual. Región provisional; objetivo/alcance conservado sin separación inferida. Elegibilidad legacy Chile: Sí ; universidad: Sí","2026-09-24T14:47:25Z","pending"
"review_608b6136dc93504153ac","opp_080a007e6f24408b6c2e","call_ec5d4158f6845ee224d5",,"legacy_verification","Exige membresía SPSSI; la elegibilidad internacional no está explicitada en la página del programa, pero admite cualquier tipo de institución y no restringe país (check). (check) Semilla legacy sin verificación web actual. Región provisional; objetivo/alcance conservado sin separación inferida. Elegibilidad legacy Chile: Sí ; universidad: Sí","2026-09-24T14:47:25Z","pending"
"review_8607dbc62a4d2bfd748d","opp_2ecdaec52f731ba2c1a5","call_44b309ccd6964b700fa7",,"legacy_verification","Foreign nationals not affiliated with a U.S. institution solo pueden usar el grant para investigación en EE. UU.; para Chile aplica bajo esa condición específica (check). (check) Semilla legacy sin verificación web actual. Región provisional; objetivo/alcance conservado sin separación inferida. Elegibilidad legacy Chile: Sí ; universidad: No claro (check)","2026-09-24T14:47:25Z","pending"
"review_2b3b50b2f2dd6291503b","opp_5ed6fde327895fd87963","call_2c0700ce12de1f6d6e2a",,"legacy_verification","Postulantes internacionales pueden aplicar si cumplen requisitos y provienen de país con relaciones diplomáticas con EE. UU.; Chile cumple, pero debe verificarse documentación institucional requerida (check). (check) Semilla legacy sin verificación web actual. Región provisional; objetivo/alcance conservado sin separación inferida. Elegibilidad legacy Chile: Sí ; universidad: Sí","2026-09-24T14:47:25Z","pending"
"review_a73cf74994135b1bf237","opp_5ed6fde327895fd87963","call_2c0700ce12de1f6d6e2a",,"possible_duplicate","opp_ceb994f517ce4b52dc94","2026-09-24T14:47:25Z","pending"
"review_bf7d18934e25f6b7d2e7","opp_d529f9eb15bf5a4f6814","call_e0f42c91809af85c222c",,"legacy_verification","No hay convocatoria abierta al 6 de mayo de 2026; Chile no siempre calza por listas de LMIC según RFP, por lo que requiere verificación en futuras bases (check). (check) Semilla legacy sin verificación web actual. Región provisional; objetivo/alcance conservado sin separación inferida. Elegibilidad legacy Chile: No claro (check) ; universidad: No claro (check)","2026-09-24T14:47:25Z","pending"
"review_e60419d48f347eb92ae8","opp_577fb00e136fb42c677b","call_f36c6cc5475f99572920",,"legacy_verification","(check) Aunque la prioridad incluye Educación e Investigación, el instrumento no es exclusivamente un grant académico de investigación; se recomienda verificar que el proyecto propuesto financie claramente actividades de investigación y no solo intercambio, difusión o vinculación. (check) Semilla legacy sin verificación web actual. Región provisional; objetivo/alcance conservado sin separación inferida. Elegibilidad legacy Chile: Sí ; universidad: Sí","2026-09-24T14:47:25Z","pending"
"review_4833f6cb491b2df5a71b","opp_9300cecb5582e12f7bba","call_2d2fc7e81896912b3508",,"legacy_verification","(check) Incluido como caso límite por evidencia de colaboración UQ-Chile y financiamiento de iniciativas de investigación/alianzas; no se verificó que investigadores/as residentes en Chile puedan postular como PI o institución principal, por lo que requiere revisión antes de considerarlo elegible. (check) Semilla legacy sin verificación web actual. Región provisional; objetivo/alcance conservado sin separación inferida. Elegibilidad legacy Chile: No claro (check) ; universidad: No claro (check)","2026-09-24T14:47:25Z","pending"
"review_04939bf788a8c7532cb4","opp_13297f69a8320c2ec70c","call_aa8b03cdd9b89795c98d",,"legacy_verification","(check) Caso límite: la institución financiadora está en Oceanía/Australia y financia proyectos de investigación aplicada con impacto social, pero exige registro en economías Asia-Pacífico de la región APNIC; no se verificó elegibilidad de Chile como solicitante principal. (check) Semilla legacy sin verificación web actual. Región provisional; objetivo/alcance conservado sin separación inferida. Elegibilidad legacy Chile: No claro (check) ; universidad: No claro (check)","2026-09-24T14:47:25Z","pending"
"review_665c7009f3a05fd2b9c3","opp_169dcab395a71d0639c4","call_db8fde64d0bc7427af37",,"legacy_verification","(check) Caso límite: financia investigación en ciencias sociales, pero la elegibilidad geográfica se concentra en Australia, Francia, países Indo-Pacífico y territorios franceses; Chile no aparece explícitamente como país elegible. (check) Semilla legacy sin verificación web actual. Región provisional; objetivo/alcance conservado sin separación inferida. Elegibilidad legacy Chile: No claro (check) ; universidad: No claro (check)","2026-09-24T14:47:25Z","pending"
"review_1f14c4efc3ea0b369863","opp_035eb2dcace7243f9503","call_bef5cb65af40ab0defe3",,"legacy_verification","(check) Caso límite: instrumento de investigación en ciencias sociales ubicado en Oceanía, pero Chile no aparece explícitamente en la elegibilidad geográfica; revisar antes de considerarlo postulable desde Chile. (check) Semilla legacy sin verificación web actual. Región provisional; objetivo/alcance conservado sin separación inferida. Elegibilidad legacy Chile: No claro (check) ; universidad: No claro (check)","2026-09-24T14:47:25Z","pending"
"review_1e6031f242c2e1bdd3cc","opp_035eb2dcace7243f9503","call_bef5cb65af40ab0defe3",,"possible_duplicate","opp_169dcab395a71d0639c4","2026-09-24T14:47:25Z","pending"
"review_52d8c3f83a9442a36f5c","opp_ee7331ebfa61a1e31f84","call_83ef96dc8b2764d31e35",,"legacy_verification","(check) Caso límite: financia actividades directas de investigación, pero principalmente movilidad/archivo y no se verificó elegibilidad para investigadores residentes en Chile como postulantes principales; revisar antes de incluir en base final de oportunidades postulables. (check) Semilla legacy sin verificación web actual. Región provisional; objetivo/alcance conservado sin separación inferida. Elegibilidad legacy Chile: No claro (check) ; universidad: No claro (check)","2026-09-24T14:47:25Z","pending"
"review_b9a374fb6d83113ebea5","opp_2701dcf4522d45686ae4","call_d75fa737d74c90522272",,"legacy_scope","(check) Caso límite: apoya publicación asociada a investigación, pero no financia claramente el desarrollo completo de un proyecto y no se verificó elegibilidad para postulantes residentes en Chile. (check) Semilla legacy sin verificación web actual. Región provisional; objetivo/alcance conservado sin separación inferida. Elegibilidad legacy Chile: No claro (check) ; universidad: No claro (check)","2026-09-24T14:47:25Z","pending"
"review_acd14339cdad174cbaa7","opp_ed524c824abc574769f0","call_a3e980e6799d3ac94e44",,"legacy_verification","(check) Caso límite: financiador en Oceanía y actividad de investigación en humanidades, pero orientado a académicos/as australianos/as; no se verificó elegibilidad chilena. (check) Semilla legacy sin verificación web actual. Región provisional; objetivo/alcance conservado sin separación inferida. Elegibilidad legacy Chile: No claro (check) ; universidad: No claro (check)","2026-09-24T14:47:25Z","pending"
"review_dc9ec2880fdb201a305d","opp_81d451bed25bdcfdf32b","call_338e69a55e9f98036e81",,"legacy_verification","El programa no restringe nacionalidad/afiliación según guía PDF, pero exige dirección de contacto en Japón para el representante; elegibilidad para investigador residente en Chile requiere verificación operativa (check). (check) Semilla legacy sin verificación web actual. Región provisional; objetivo/alcance conservado sin separación inferida. Elegibilidad legacy Chile: Sí (check) ; universidad: Sí (check)","2026-09-24T14:47:25Z","pending"
"review_4931d967996c5704b8e7","opp_f3d73803181a568e4043","call_972591970a919eb69b65",,"legacy_verification","No se identifica restricción geográfica contra Chile; una universidad chilena podría ser organización sin fines de lucro, pero debe confirmarse aceptación administrativa (check). (check) Semilla legacy sin verificación web actual. Región provisional; objetivo/alcance conservado sin separación inferida. Elegibilidad legacy Chile: Sí (check) ; universidad: Sí (check)","2026-09-24T14:47:25Z","pending"
"review_2a165f4fb9bd15ab6c21","opp_50591a2175ce2f8f7c2b","call_d23bf39fe3ade494076e",,"legacy_verification","Fuente oficial japonesa indica elegibilidad overseas; fuente institucional chilena UC informa la convocatoria para Chile y beneficios generales. (check) Semilla legacy sin verificación web actual. Región provisional; objetivo/alcance conservado sin separación inferida. Elegibilidad legacy Chile: Sí ; universidad: Sí","2026-09-24T14:47:25Z","pending"
"review_7b32e45f5dde785038b4","opp_13ba17a88ae58d760846","call_85124a37eb265e574a19",,"legacy_verification","El instrumento se parece a una estancia de investigación; se incluye por financiar investigación y no solo movilidad, pero puede ser excluible bajo criterios estrictos de estancias (check). (check) Semilla legacy sin verificación web actual. Región provisional; objetivo/alcance conservado sin separación inferida. Elegibilidad legacy Chile: Sí ; universidad: Sí (check)","2026-09-24T14:47:25Z","pending"
"review_94cfdb1d67b896b74563","opp_13ba17a88ae58d760846","call_85124a37eb265e574a19",,"possible_duplicate","opp_50591a2175ce2f8f7c2b","2026-09-24T14:47:25Z","pending"
"review_7ae553962549c940b9d6","opp_edf9b80cac4bc64fbb92","call_b7a0b89fed30eabced8b",,"legacy_verification","La página 2024 es para Non-U.S.; no menciona explícitamente Chile, pero al estar fuera de EE. UU. parece potencialmente elegible si la universidad chilena cumple condiciones (check). (check) Semilla legacy sin verificación web actual. Región provisional; objetivo/alcance conservado sin separación inferida. Elegibilidad legacy Chile: Sí (check) ; universidad: Sí","2026-09-24T14:47:25Z","pending"
"review_808968e447e9ff12bc51","opp_3cfedca8a132d2127b21","call_e01ffc188b4c2249ed5e",,"legacy_verification","Se dirige a personas, no a proyectos institucionales; se incluye porque financia investigación postdoctoral fuera de Corea, pero no es grant institucional clásico (check). (check) Semilla legacy sin verificación web actual. Región provisional; objetivo/alcance conservado sin separación inferida. Elegibilidad legacy Chile: Sí ; universidad: Sí","2026-09-24T14:47:25Z","pending"
"review_f97578de6b37c0405c92","opp_88896672566416d0ff01","call_bef7f213fa6c948b9915",,"legacy_verification","Puede considerarse estancia o trabajo de campo; se incluye porque financia investigación de campo y no solo pasajes/viáticos, pero es un caso discutible (check). (check) Semilla legacy sin verificación web actual. Región provisional; objetivo/alcance conservado sin separación inferida. Elegibilidad legacy Chile: Sí ; universidad: Sí (check)","2026-09-24T14:47:25Z","pending"
"review_924b793485d6740c513d","opp_db7d5c1ff6db5dfe2a59","call_7383bde30981fd8f947f",,"legacy_verification","La fuente presenta cinco categorías; se registra solo la categoría de investigación académica, excluyendo conferencias/publicaciones como instrumentos independientes. (check) Semilla legacy sin verificación web actual. Región provisional; objetivo/alcance conservado sin separación inferida. Elegibilidad legacy Chile: Sí ; universidad: Sí","2026-09-24T14:47:25Z","pending"
"review_29658cc6bb946582d66e","opp_9e27e296323a55a43e54","call_979f48913a149d8e0715",,"legacy_verification","La página general indica que full-time faculty may apply for research grants; la elegibilidad específica para universidades chilenas debe confirmarse por comité/región (check). (check) Semilla legacy sin verificación web actual. Región provisional; objetivo/alcance conservado sin separación inferida. Elegibilidad legacy Chile: Sí (check) ; universidad: Sí (check)","2026-09-24T14:47:25Z","pending"
"review_0be6405031ce75cdaeba","opp_9e27e296323a55a43e54","call_979f48913a149d8e0715",,"possible_duplicate","opp_6911ae7bfa1ca0676127 | opp_577e735aa5602ef55e1d","2026-09-24T14:47:25Z","pending"
"review_a770f29e64d6c21bb6b3","opp_885d0065a4aa1459b386","call_9612c73f7bc3a3641003",,"legacy_scope","Información específica incompleta por limitación de acceso a la página; se verifica existencia por programa general y lista de beneficiarios 2023-2024 (check). (check) Semilla legacy sin verificación web actual. Región provisional; objetivo/alcance conservado sin separación inferida. Elegibilidad legacy Chile: Sí (check) ; universidad: Sí (check)","2026-09-24T14:47:25Z","pending"
"review_f5b8a4779040b4ee0b97","opp_885d0065a4aa1459b386","call_9612c73f7bc3a3641003",,"possible_duplicate","opp_9e27e296323a55a43e54","2026-09-24T14:47:25Z","pending"
"review_59b2027cfb00797d2c25","opp_16e0dbf0146e76a798db","call_d155f83c20427ca4672f",,"legacy_verification","La fuente oficial sobre Database Grants indica apoyo a investigación en Chinese Studies; se requiere verificar si Chile debe postular por región American o Developing (check). (check) Semilla legacy sin verificación web actual. Región provisional; objetivo/alcance conservado sin separación inferida. Elegibilidad legacy Chile: Sí (check) ; universidad: Sí (check)","2026-09-24T14:47:26Z","pending"
"review_f172843c88547f92c76d","opp_16e0dbf0146e76a798db","call_d155f83c20427ca4672f",,"possible_duplicate","opp_9e27e296323a55a43e54 | opp_885d0065a4aa1459b386","2026-09-24T14:47:26Z","pending"
"review_b4903b314ac8e53dfa84","opp_b7b2094c17e9582202da","call_159fee6adb6379b090b7",,"legacy_verification","No es una convocatoria competitiva estándar sino un mecanismo de presentación de ideas; aceptación muy baja y puede derivar o no en grant project (check). (check) Semilla legacy sin verificación web actual. Región provisional; objetivo/alcance conservado sin separación inferida. Elegibilidad legacy Chile: Sí ; universidad: Sí","2026-09-24T14:47:26Z","pending"
"review_28e355d77c5ccf22f1f9","opp_2335859086d0c69fc967","call_396194a576ad6f4f5995",,"legacy_verification","Elegibilidad para Chile no está explícita; versiones recientes se orientan a LMIC/Global South, por lo que Chile requiere verificación según clasificación usada por GDN (check). (check) Semilla legacy sin verificación web actual. Región provisional; objetivo/alcance conservado sin separación inferida. Elegibilidad legacy Chile: No claro (check) [Actualización: No] ; universidad: No claro (check) [Actualización: No]","2026-09-24T14:47:26Z","pending"
"review_a4a008da3e8e17dd2c7c","opp_1dd85069f54ec399961c","call_f0b336b75149a06c8579",,"legacy_verification","Chile no es necesariamente país de ejecución elegible si la convocatoria exige LMIC; podría participar un/a investigador/a chileno/a solo si el proyecto se ejecuta en un país elegible o en alianza permitida (check). (check) Semilla legacy sin verificación web actual. Región provisional; objetivo/alcance conservado sin separación inferida. Elegibilidad legacy Chile: No claro (check) ; universidad: No claro (check)","2026-09-24T14:47:26Z","pending"
"review_d282060b011b0fd022d2","opp_585510091802011e413f","call_c8d63ecfbe3bf24444bb",,"legacy_verification","Elegibilidad depende de cada región OMS y de estatus LMIC; Chile debe verificarse caso a caso y podría no ser elegible en algunos llamados (check). (check) Semilla legacy sin verificación web actual. Región provisional; objetivo/alcance conservado sin separación inferida. Elegibilidad legacy Chile: No claro (check) ; universidad: No claro (check)","2026-09-24T14:47:26Z","pending"
"review_3940d6e81342faec4193","opp_e3552efbae84b79520c8","call_fe6e9d82819da178767c",,"legacy_verification","No se encontró convocatoria 2026 abierta; elegibilidad geográfica no aparece restringida en la página general, pero debe confirmarse en cada edición (check). (check) Semilla legacy sin verificación web actual. Región provisional; objetivo/alcance conservado sin separación inferida. Elegibilidad legacy Chile: Sí (check) ; universidad: No claro (check)","2026-09-24T14:47:26Z","pending"
"review_585a359b10f200cd38b9","opp_98caabf5caf30d5077a7","call_f7f5bc7658160e11f02b",,"legacy_verification","El esquema no está dirigido específicamente a académicos/as universitarios; incluir solo si el llamado específico permite investigación liderada por jóvenes vinculados a universidad chilena (check). (check) Semilla legacy sin verificación web actual. Región provisional; objetivo/alcance conservado sin separación inferida. Elegibilidad legacy Chile: Sí (check) ; universidad: No claro (check)","2026-09-24T14:47:26Z","pending"
"review_b86712792ba993ab1a27","opp_ebe89498da1aaf663b83","call_311f9bdffe98fdc8b8e2",,"legacy_verification","Monto y condiciones detalladas no aparecen completamente en la página principal; verificar bases completas de cada ciclo (check). (check) Semilla legacy sin verificación web actual. Región provisional; objetivo/alcance conservado sin separación inferida. Elegibilidad legacy Chile: Sí (check) ; universidad: Sí (check)","2026-09-24T14:47:26Z","pending"
"review_2c6710e519c21fe9fb8e","opp_c4dca34c84a57de557d6","call_3ae32cc90e3ac648a5ee",,"legacy_verification","Instrumento global pero con requisitos específicos por oportunidad; no todas las oportunidades son pertinentes para ciencias sociales/humanidades (check). (check) Semilla legacy sin verificación web actual. Región provisional; objetivo/alcance conservado sin separación inferida. Elegibilidad legacy Chile: Sí ; universidad: Sí (check)","2026-09-24T14:47:26Z","pending"
"review_045f71ee1579735b4c5f","opp_c4dca34c84a57de557d6","call_3ae32cc90e3ac648a5ee",,"possible_duplicate","opp_3ff926143d8dbe1853e3 | opp_b16a8a88ba234c784764","2026-09-24T14:47:26Z","pending"
"review_e661b6e24acaaa2c82a5","opp_fe693f2223da83e3745a","call_ee73fac6ae3159c1fc91",,"legacy_verification","Instrumento global pero no exclusivamente académico; revisar oportunidad concreta para asegurar pertinencia disciplinar y gastos elegibles (check). (check) Semilla legacy sin verificación web actual. Región provisional; objetivo/alcance conservado sin separación inferida. Elegibilidad legacy Chile: Sí ; universidad: Sí (check)","2026-09-24T14:47:26Z","pending"
"review_78159071f5d06318a113","opp_fe693f2223da83e3745a","call_ee73fac6ae3159c1fc91",,"possible_duplicate","opp_3ff926143d8dbe1853e3 | opp_b16a8a88ba234c784764 | opp_c4dca34c84a57de557d6","2026-09-24T14:47:26Z","pending"
"review_f6a8ff761c0087e3de7b","opp_54c26ad76a010e961afe","call_6d6e6aad004b6fbdad3c",,"legacy_verification","Aunque la fundación está basada en EE. UU., acepta postulaciones internacionales y organizaciones fuera de EE. UU.; requiere equivalencia sin fines de lucro si se adjudica (check). (check) Semilla legacy sin verificación web actual. Región provisional; objetivo/alcance conservado sin separación inferida. Elegibilidad legacy Chile: Sí ; universidad: Sí","2026-09-24T14:47:26Z","pending"
"review_6f672fc250499c5c0a3a","opp_54c26ad76a010e961afe","call_6d6e6aad004b6fbdad3c",,"possible_duplicate","opp_61c7a8092d884c2544f8","2026-09-24T14:47:26Z","pending"
"review_3c23f6a3f6f08d340d4d","opp_4ecb69c8bdab7ab6251a","call_b4b40059e535ebf02ce7",,"legacy_verification","Aunque la fundación está basada en EE. UU., acepta postulaciones internacionales y organizaciones fuera de EE. UU.; requiere equivalencia sin fines de lucro si se adjudica (check). (check) Semilla legacy sin verificación web actual. Región provisional; objetivo/alcance conservado sin separación inferida. Elegibilidad legacy Chile: Sí ; universidad: Sí","2026-09-24T14:47:26Z","pending"
"review_3edbb6ebe0c2338a8273","opp_4ecb69c8bdab7ab6251a","call_b4b40059e535ebf02ce7",,"possible_duplicate","opp_ae0181524fc57e967070 | opp_54c26ad76a010e961afe","2026-09-24T14:47:26Z","pending"
"review_cf47a656e14798cbeeca","opp_0ea778abf59756e8133c","call_0ac643bb97d023d96621",,"legacy_verification","Abierta a cualquier nacionalidad o localización institucional según fuentes oficiales/generales; verificar condiciones del portal en cada ciclo (check). (check) Semilla legacy sin verificación web actual. Región provisional; objetivo/alcance conservado sin separación inferida. Elegibilidad legacy Chile: Sí ; universidad: Sí","2026-09-24T14:47:26Z","pending"
"review_8cebe82de0e5226c9380","opp_0ea778abf59756e8133c","call_0ac643bb97d023d96621",,"possible_duplicate","opp_0ea778abf59756e8133c","2026-09-24T14:47:26Z","pending"
"review_57407d3b64acd9e4ed4d","opp_f7f76e07e4d9fb140953","call_ad1511151a97bc193298",,"legacy_verification","La página de guía confirma monto; condiciones completas de elegibilidad deben revisarse en portal actual (check). (check) Semilla legacy sin verificación web actual. Región provisional; objetivo/alcance conservado sin separación inferida. Elegibilidad legacy Chile: Sí ; universidad: Sí (check)","2026-09-24T14:47:26Z","pending"
"review_638acc1b1108aa3b35ec","opp_f7f76e07e4d9fb140953","call_ad1511151a97bc193298",,"possible_duplicate","opp_f7f76e07e4d9fb140953","2026-09-24T14:47:26Z","pending"
"review_1458820ad707f2391582","opp_849b86ca92bc3de6c228","call_cd63b4475b43c9bcb1f2",,"legacy_verification","Se debe verificar que el proyecto no sea solo extensión o diseminación; debe tener componente claro de investigación antropológica (check). (check) Semilla legacy sin verificación web actual. Región provisional; objetivo/alcance conservado sin separación inferida. Elegibilidad legacy Chile: Sí ; universidad: Sí (check)","2026-09-24T14:47:26Z","pending"
"review_5f6e6001179bf312f2bd","opp_849b86ca92bc3de6c228","call_cd63b4475b43c9bcb1f2",,"possible_duplicate","opp_849b86ca92bc3de6c228","2026-09-24T14:47:26Z","pending"
"review_a35605a90e29d5763e2c","opp_69b1f2105bc222a55b0d","call_42be3e33c77307f77dcf",,"legacy_verification","No todo proyecto de antropología pública equivale a investigación académica; incluir solo si la propuesta desarrolla producción de conocimiento verificable (check). (check) Semilla legacy sin verificación web actual. Región provisional; objetivo/alcance conservado sin separación inferida. Elegibilidad legacy Chile: Sí ; universidad: Sí (check)","2026-09-24T14:47:26Z","pending"
"review_bbb477b9cdb98210b28b","opp_69b1f2105bc222a55b0d","call_42be3e33c77307f77dcf",,"possible_duplicate","opp_69b1f2105bc222a55b0d","2026-09-24T14:47:26Z","pending"
"review_d9b303d48ada5df004c1","opp_577e735aa5602ef55e1d","call_44a5fa11f45752451a67",,"legacy_verification","La institución no entrega fondos directamente a individuos y requiere afiliación institucional; monto específico debe verificarse en la convocatoria vigente (check). (check) Semilla legacy sin verificación web actual. Región provisional; objetivo/alcance conservado sin separación inferida. Elegibilidad legacy Chile: Sí ; universidad: Sí (check)","2026-09-24T14:47:26Z","pending"
"review_3c1c471942c042b16aa6","opp_577e735aa5602ef55e1d","call_44a5fa11f45752451a67",,"possible_duplicate","opp_577e735aa5602ef55e1d | opp_6911ae7bfa1ca0676127 | opp_9e27e296323a55a43e54","2026-09-24T14:47:26Z","pending"
"review_cf9e1abbe12df76080cf","opp_7bcd8af5557ec612a42e","call_4ed0cabdf4f5f8c10b62",,"legacy_scope","Es fellowship con fondos de investigación; no es grant abierto a todas las etapas. Elegibilidad de Chile parece posible por alcance global, pero debe verificarse en portal de cada ciclo (check). (check) Semilla legacy sin verificación web actual. Región provisional; objetivo/alcance conservado sin separación inferida. Elegibilidad legacy Chile: Sí (check) ; universidad: Sí","2026-09-24T14:47:26Z","pending"
"review_394d27daf6961e48ef25","opp_7bcd8af5557ec612a42e","call_4ed0cabdf4f5f8c10b62",,"possible_duplicate","opp_f0c1969be301fadb6494","2026-09-24T14:47:26Z","pending"
"review_bdf20d4afd955af92467","opp_15c5afa57b8d4e9941d7","call_7a3004ac155b2a83ea1a",,"legacy_verification","Requiere membresía SRCD; la convocatoria alienta postulaciones de instituciones internacionales y países subrepresentados, pero se debe verificar membresía y condiciones de residencia (check). (check) Semilla legacy sin verificación web actual. Región provisional; objetivo/alcance conservado sin separación inferida. Elegibilidad legacy Chile: Sí ; universidad: Sí (check)","2026-09-24T14:47:26Z","pending"
"review_3660032f9a90d6b93c3d","opp_f86bd61688606c93627e","call_a32ec9324e90a64c18a9",,"legacy_scope","No todas las oportunidades son pertinentes a ciencias sociales/humanidades ni todas aceptan Chile; revisar cada desafío para elegibilidad, país y disciplina (check). (check) Semilla legacy sin verificación web actual. Región provisional; objetivo/alcance conservado sin separación inferida. Elegibilidad legacy Chile: No claro (check) ; universidad: No claro (check)","2026-09-24T14:47:26Z","pending"
"review_b36df171ef9ce6a71d3a","opp_3ed6475af4f5853c8f7d","call_aa9113c2b783e4310b40",,"legacy_verification","La elegibilidad internacional no aparece resumida de forma suficiente en la página consultada; debe verificarse en FAQ/portal para una universidad chilena (check). (check) Semilla legacy sin verificación web actual. Región provisional; objetivo/alcance conservado sin separación inferida. Elegibilidad legacy Chile: Sí (check) ; universidad: Sí (check)","2026-09-24T14:47:26Z","pending"
"review_5563942a029c40cde9de","opp_eb5fd66de4bc2b69d63d","call_f8703d9c26adac735d60",,"legacy_verification","No se encontró una convocatoria universal única; opera por prioridades/portafolios. Elegibilidad para universidad chilena debe confirmarse en el portal de cada llamado (check). (check) Semilla legacy sin verificación web actual. Región provisional; objetivo/alcance conservado sin separación inferida. Elegibilidad legacy Chile: Sí (check) ; universidad: Sí (check)","2026-09-24T14:47:26Z","pending"
"review_3ceb19dff88289df2959","opp_eb5fd66de4bc2b69d63d","call_f8703d9c26adac735d60",,"possible_duplicate","opp_3ed6475af4f5853c8f7d","2026-09-24T14:47:26Z","pending"
"review_f0022ed668b10d948299","opp_7aa3cf4744d5ed860fdb","call_db0328f9dd74e23a6748",,"legacy_verification","1 - No es un grant académico puro; el énfasis oficial es cooperación técnica. Conviene verificar con VID/AGCID si una propuesta de investigación FACSO puede quedar como componente central. (check) Semilla legacy sin verificación web actual. Región provisional; objetivo/alcance conservado sin separación inferida. Elegibilidad legacy Chile: Sí ; universidad: Sí (check)","2026-09-24T14:47:26Z","pending"
"review_6a69bf9132438aa4866c","opp_adfd3a622bc8d01b972a","call_ee2b453c68eee5500bec",,"legacy_verification","1 - Instrumento altamente pertinente para equipos chilenos, pero conviene revisar modalidad exacta de liderazgo y flujo de fondos para la institución chilena. (check) Semilla legacy sin verificación web actual. Región provisional; objetivo/alcance conservado sin separación inferida. Elegibilidad legacy Chile: Sí ; universidad: Sí","2026-09-24T14:47:26Z","pending"
"review_412a097ae1898e790ce2","opp_fba1db46d032cee76778","call_42cdaa041e0cf51de4a0",,"legacy_verification","1 - Muy pertinente para Chile-Brasil, pero área temática ambiental/oceánica limita pertinencia para FACSO salvo proyectos socioambientales, territoriales, culturales o de gobernanza. (check) Semilla legacy sin verificación web actual. Región provisional; objetivo/alcance conservado sin separación inferida. Elegibilidad legacy Chile: Sí ; universidad: Sí","2026-09-24T14:47:26Z","pending"
"review_c8cc5fb734bf1de75f82","opp_038cf9bb38f2cd72daca","call_3891ea2883370cf03ed6",,"legacy_scope","1 - Registro paraguas útil para monitoreo periódico; cada llamado específico debe bajarse a fila propia cuando abra. (check) Semilla legacy sin verificación web actual. Región provisional; objetivo/alcance conservado sin separación inferida. Elegibilidad legacy Chile: Sí ; universidad: Sí (check)","2026-09-24T14:47:26Z","pending"
"review_d7cbb9ecb85bfdbed56f","opp_894639cf7fdefdc64624","call_4d94c1b9bfe2b519c9a1",,"legacy_verification","1 - Falta verificar bases completas, monto y condiciones financieras; alta pertinencia temática para ciencias sociales y políticas públicas. (check) Semilla legacy sin verificación web actual. Región provisional; objetivo/alcance conservado sin separación inferida. Elegibilidad legacy Chile: Sí ; universidad: Sí (check)","2026-09-24T14:47:26Z","pending"
"review_3d6223b5bf09ab6df1ac","opp_894639cf7fdefdc64624","call_4d94c1b9bfe2b519c9a1",,"possible_duplicate","opp_038cf9bb38f2cd72daca","2026-09-24T14:47:26Z","pending"
"review_542d8b904c4ee62b9ca7","opp_648460d7498fb5fea03d","call_d8ce535e168a834f3601",,"legacy_verification","1 - Falta monto y detalle presupuestario; pertinente para educación superior, sociología del conocimiento, democracia y derechos académicos. (check) Semilla legacy sin verificación web actual. Región provisional; objetivo/alcance conservado sin separación inferida. Elegibilidad legacy Chile: Sí ; universidad: Sí (check)","2026-09-24T14:47:26Z","pending"
"review_63074851c00e9a9f2989","opp_648460d7498fb5fea03d","call_d8ce535e168a834f3601",,"possible_duplicate","opp_038cf9bb38f2cd72daca | opp_894639cf7fdefdc64624","2026-09-24T14:47:26Z","pending"
"review_f59c16ffebc9370cc00f","opp_a8a7405194f735aef4c4","call_79852eeae3dfc9bfa6d3",,"legacy_verification","1 - Se conserva por trazabilidad histórica y posible recurrencia temática; verificar si abre nueva fase. (check) Semilla legacy sin verificación web actual. Región provisional; objetivo/alcance conservado sin separación inferida. Elegibilidad legacy Chile: Sí ; universidad: Sí (check)","2026-09-24T14:47:26Z","pending"
"review_d2f1ec27b850ba03037a","opp_2ff68959ab4ed81cbeea","call_750e809fc545eb6d285e",,"legacy_verification","1 - Es una beca de investigación con residencia; incluir solo si se acepta que el proyecto de investigación financiado puede implicar estancia. (check) Semilla legacy sin verificación web actual. Región provisional; objetivo/alcance conservado sin separación inferida. Elegibilidad legacy Chile: Sí ; universidad: Sí (check)","2026-09-24T14:47:26Z","pending"
"review_39fd95bc695be034fa86","opp_e4ce4385db4cd7da70cf","call_2d4bc55f8abcf3ebaeed",,"legacy_verification","1 - Pertinente para académicos/as FACSO senior, pero clasifica parcialmente como estancia; verificar si se quiere mantener bajo criterios estrictos. (check) Semilla legacy sin verificación web actual. Región provisional; objetivo/alcance conservado sin separación inferida. Elegibilidad legacy Chile: Sí ; universidad: Sí (check)","2026-09-24T14:47:26Z","pending"
"review_ad776d2cc5947af80c28","opp_e4ce4385db4cd7da70cf","call_2d4bc55f8abcf3ebaeed",,"possible_duplicate","opp_2ff68959ab4ed81cbeea","2026-09-24T14:47:26Z","pending"
"review_700e3b406c84c4419c55","opp_88fe4fc5b11dd2251672","call_0d2f0da4c98511b74c1e",,"legacy_verification","1 - Aunque CALAS tiene sede principal en México, el financiamiento/residencia es parcialmente Alemania; mantener como oportunidad regional para investigadores LAC si se acepta categoría fellowship. (check) Semilla legacy sin verificación web actual. Región provisional; objetivo/alcance conservado sin separación inferida. Elegibilidad legacy Chile: Sí ; universidad: Sí (check)","2026-09-24T14:47:26Z","pending"
"review_2d4fa5ad3981ff8f616a","opp_88fe4fc5b11dd2251672","call_0d2f0da4c98511b74c1e",,"possible_duplicate","opp_2ff68959ab4ed81cbeea | opp_e4ce4385db4cd7da70cf","2026-09-24T14:47:26Z","pending"
"review_210c1d6a47114c2510d4","opp_017f41c58ad09d038eb1","call_bd40b4b09502c8d11a39",,"legacy_verification","1 - El financiamiento final proviene de IDRC, no de Argentina/Brasil/Uruguay/México; se incluye por operación regional LAC y clara elegibilidad chilena. (check) Semilla legacy sin verificación web actual. Región provisional; objetivo/alcance conservado sin separación inferida. Elegibilidad legacy Chile: Sí ; universidad: Sí","2026-09-24T14:47:26Z","pending"
"review_3740ea9a16eb2ceefd01","opp_6c57d3e86839df508d9f","call_b66a586b99f12bd93512",,"legacy_verification","1 - Útil como antecedente de cooperación Argentina-Chile/México, pero no cumple plenamente el criterio de financiamiento directo a universidad chilena. (check) Semilla legacy sin verificación web actual. Región provisional; objetivo/alcance conservado sin separación inferida. Elegibilidad legacy Chile: No claro (check) ; universidad: No claro (check)","2026-09-24T14:47:26Z","pending"
"review_46c57e63e7c3b1c8a202","opp_dd3df679ee567bd8aa4b","call_1bb9607f4b76298ac899",,"legacy_verification","1 - No encontré convocatoria abierta reciente de investigación Chile-Argentina; mantener como alerta de monitoreo, no como oportunidad vigente. (check) Semilla legacy sin verificación web actual. Región provisional; objetivo/alcance conservado sin separación inferida. Elegibilidad legacy Chile: Sí ; universidad: Sí","2026-09-24T14:47:26Z","pending"
"review_e810145e3abe73aedf9c","opp_9cb546e41e84f9f5fe90","call_eaa381b4bbab58d0c93d",,"legacy_verification","1 - Muy pertinente para ciencias sociales ambientales, pero falta fuente primaria con bases completas y monto; posible sesgo a movilidad/redes. (check) Semilla legacy sin verificación web actual. Región provisional; objetivo/alcance conservado sin separación inferida. Elegibilidad legacy Chile: Sí ; universidad: Sí","2026-09-24T14:47:26Z","pending"
"review_311e072024fd3739e751","opp_5dd277c3c26068dba2d8","call_ff072cefc8f49e5b6787",,"legacy_verification","1 - No cumple plenamente criterio de elegibilidad chilena como responsable; se incluye por pedido específico de México/Uruguay y posible rol como tercer actor. (check) Semilla legacy sin verificación web actual. Región provisional; objetivo/alcance conservado sin separación inferida. Elegibilidad legacy Chile: No claro (check) ; universidad: No claro (check)","2026-09-24T14:47:26Z","pending"
"review_f2ff94772d50c98b09af","opp_c2a4e5020f43da8d1e32","call_7080c950ae831c5b5617",,"legacy_verification","1 - Requiere verificar convocatoria EU-LAC específica para confirmar elegibilidad y financiamiento chileno; no asumir postulabilidad directa. (check) Semilla legacy sin verificación web actual. Región provisional; objetivo/alcance conservado sin separación inferida. Elegibilidad legacy Chile: No claro (check) ; universidad: No claro (check)","2026-09-24T14:47:27Z","pending"
"review_c10a043a2a9e63e6b3a1","opp_d9400f3f71e974c6114a","call_8aeded1e7802916cf2a4",,"legacy_verification","1 - Pertinente para ciencias sociales ambientales, pero la fuente uruguaya no confirma financiamiento para equipos chilenos. (check) Semilla legacy sin verificación web actual. Región provisional; objetivo/alcance conservado sin separación inferida. Elegibilidad legacy Chile: No claro (check) ; universidad: No claro (check)","2026-09-24T14:47:27Z","pending"
