"source_id","opportunity_id","call_id","url","source_role","source_priority","is_official","domain","last_checked","http_status","content_hash","extracted_hash","last_changed","notes"
"src_e2156fbe25ad6e09bd6d","opp_6741d6df063a90ef9c9e","call_aa845571a767fb912111","https://www.gerda-henkel-stiftung.de/en/grants_projects","legacy_unverified","6","FALSE","www.gerda-henkel-stiftung.de",,,,,,"Oficialidad pendiente de verificación."
"src_fad618423e8deae8fe79","opp_6741d6df063a90ef9c9e","call_aa845571a767fb912111","https://www.gerda-henkel-stiftung.de/en/grants","legacy_unverified","6","FALSE","www.gerda-henkel-stiftung.de",,,,,,"Oficialidad pendiente de verificación."
"src_81e447d1b286f3345a6c","opp_5ed244f28a44e40df816","call_e314d56375cbd164f842","https://www.gerda-henkel-stiftung.de/en/democracy?page_id=57","legacy_unverified","6","FALSE","www.gerda-henkel-stiftung.de",,,,,,"Oficialidad pendiente de verificación."
"src_c2d623a4b9b197376c22","opp_5ed244f28a44e40df816","call_e314d56375cbd164f842","https://fundit.fr/en/calls/gerda-henkel-grantsfunding-programme-democracy","legacy_unverified","6","FALSE","fundit.fr",,,,,,"Oficialidad pendiente de verificación."
"src_bd85c2a95c9b2bb3c373","opp_d8991b15885de6ca4f85","call_4dafe6a76653a867b894","https://www.gerda-henkel-stiftung.de/en/lost_cities","legacy_unverified","6","FALSE","www.gerda-henkel-stiftung.de",,,,,,"Oficialidad pendiente de verificación."
"src_5c95e9c0eda8453860f7","opp_64f5f4e6855b82e2853a","call_2d2a3c42ccd24b0009f5","https://www.gerda-henkel-stiftung.de/en/forced_migration","legacy_unverified","6","FALSE","www.gerda-henkel-stiftung.de",,,,,,"Oficialidad pendiente de verificación."
"src_3b6354498f4636c17bda","opp_37497214cf0321846585","call_06d83f5d191fcf487fdc","https://www.gerda-henkel-stiftung.de/en/projects","legacy_unverified","6","FALSE","www.gerda-henkel-stiftung.de",,,,,,"Oficialidad pendiente de verificación."
"src_03eee50d3c8bbee1caa4","opp_f30830e5fe9a9d2b229f","call_31eb145b23dd30ff9e97","https://www.gerda-henkel-stiftung.de/en/patrimonies_en","legacy_unverified","6","FALSE","www.gerda-henkel-stiftung.de",,,,,,"Oficialidad pendiente de verificación."
"src_c022a1b3532de9040ed7","opp_6911ae7bfa1ca0676127","call_e8d17aae64b7d4ff00b7","https://www.fondationfyssen.fr/en/our-actions/research-grants/","legacy_unverified","6","FALSE","www.fondationfyssen.fr",,,,,,"Oficialidad pendiente de verificación."
"src_e3170d2e5a1f7906120a","opp_6911ae7bfa1ca0676127","call_e8d17aae64b7d4ff00b7","https://www.fondationfyssen.fr/en/our-actions/","legacy_unverified","6","FALSE","www.fondationfyssen.fr",,,,,,"Oficialidad pendiente de verificación."
"src_672d5c5c1e603fc5524d","opp_5545f01288fb6cb30971","call_c96cda67b58626f1fed3","https://www.fondationfyssen.fr/en/our-actions/study-grants/","legacy_unverified","6","FALSE","www.fondationfyssen.fr",,,,,,"Oficialidad pendiente de verificación."
"src_b0f2b74fed113aba79d1","opp_5545f01288fb6cb30971","call_c96cda67b58626f1fed3","https://iamhrf.org/grant-opportunities/post-doctoral-study-grants-human-sciences-worldwide/","legacy_unverified","6","FALSE","iamhrf.org",,,,,,"Oficialidad pendiente de verificación."
"src_77791e70f3e313f9d3d5","opp_f0c1969be301fadb6494","call_7128183ceb167fb22399","https://jacobsfoundation.org/activity/jacobs-foundation-research-fellowship-program/","legacy_unverified","6","FALSE","jacobsfoundation.org",,,,,,"Oficialidad pendiente de verificación."
"src_6fa1084e0421f51c45e6","opp_f0c1969be301fadb6494","call_7128183ceb167fb22399","https://jacobsfoundation.org/2027-29-call-for-applications-jacobs-cifar-research-fellowship/","legacy_unverified","6","FALSE","jacobsfoundation.org",,,,,,"Oficialidad pendiente de verificación."
"src_c32a7f12d18b3edcd2ee","opp_e40f5ffa4b17fb9aaffd","call_68c8091aedcc17e36da4","https://jacobsfoundation.org/levante-opens-2026-call-for-proposals/","legacy_unverified","6","FALSE","jacobsfoundation.org",,,,,,"Oficialidad pendiente de verificación."
"src_526c2da25f202ad71102","opp_e40f5ffa4b17fb9aaffd","call_68c8091aedcc17e36da4","https://jacobsfoundation.org/news/","legacy_unverified","6","FALSE","jacobsfoundation.org",,,,,,"Oficialidad pendiente de verificación."
"src_faeda1a9f524bfafe962","opp_4093f8f0ea798789de96","call_f005feaeb8a178f0a813","https://jacobsfoundation.org/activity/the-klaus-j-jacobs-research-prize/","legacy_unverified","6","FALSE","jacobsfoundation.org",,,,,,"Oficialidad pendiente de verificación."
"src_b2752651a018ebff24eb","opp_4093f8f0ea798789de96","call_f005feaeb8a178f0a813","https://jacobsfoundation.org/klaus-j-jacobs-research-prize-eligibility/","legacy_unverified","6","FALSE","jacobsfoundation.org",,,,,,"Oficialidad pendiente de verificación."
"src_ccf491395053db9d9d1b","opp_0af050615f751ebdaf39","call_18c91daf4207e4fff7ce","https://axafoundation.org/en/science/fund-your-research","legacy_unverified","6","FALSE","axafoundation.org",,,,,,"Oficialidad pendiente de verificación."
"src_81f88437d38bb2d7a7a4","opp_0af050615f751ebdaf39","call_18c91daf4207e4fff7ce","https://institution.axa-research.org/guidelines.pdf","legacy_unverified","6","FALSE","institution.axa-research.org",,,,,,"Oficialidad pendiente de verificación."
"src_6ba233b83d5d36b1a384","opp_0af050615f751ebdaf39","call_18c91daf4207e4fff7ce","https://institution.axa-research.org/","legacy_unverified","6","FALSE","institution.axa-research.org",,,,,,"Oficialidad pendiente de verificación."
"src_6fba8fb5eddfc47a2b84","opp_c19068586f4e977c83a5","call_bda37515cf2da272af07","https://www.volkswagenstiftung.de/en/funding/funding-offer/open-new-research-spaces-humanities-and-cultural-studies","legacy_unverified","6","FALSE","www.volkswagenstiftung.de",,,,,,"Oficialidad pendiente de verificación."
"src_15a83df49514f4bf23f7","opp_b1b2c50fb65950dd9b1e","call_253aed53b0101b6fca55","https://www.volkswagenstiftung.de/en/funding/funding-offer/transformational-knowledge-democracies-under-change-transdisciplinary-perspectives","legacy_unverified","6","FALSE","www.volkswagenstiftung.de",,,,,,"Oficialidad pendiente de verificación."
"src_0441c765667359fa18ce","opp_74e32bf2ff6ac05d1d3a","call_8657289547281dbb4009","https://research-and-innovation.ec.europa.eu/research-area/social-sciences-and-humanities_en","legacy_unverified","6","FALSE","research-and-innovation.ec.europa.eu",,,,,,"Oficialidad pendiente de verificación."
"src_30ad9c66346ab682ea25","opp_74e32bf2ff6ac05d1d3a","call_8657289547281dbb4009","https://euraxess.ec.europa.eu/worldwide/lac","legacy_unverified","6","FALSE","euraxess.ec.europa.eu",,,,,,"Oficialidad pendiente de verificación."
"src_35eedbec6409d9ecfa9d","opp_74e32bf2ff6ac05d1d3a","call_8657289547281dbb4009","https://research-and-innovation.ec.europa.eu/funding/funding-opportunities/funding-programmes-and-open-calls/horizon-europe_en","legacy_unverified","6","FALSE","research-and-innovation.ec.europa.eu",,,,,,"Oficialidad pendiente de verificación."
"src_5c84c2f8d4c1160c6edf","opp_8c52fa506b9d84523d96","call_32cf7ff009feeb54073a","https://marie-sklodowska-curie-actions.ec.europa.eu/resources/documents/marie-sklodowska-curie-actions-work-programme-2023-2025","legacy_unverified","6","FALSE","marie-sklodowska-curie-actions.ec.europa.eu",,,,,,"Oficialidad pendiente de verificación."
"src_1e01d5836fddb3e73427","opp_8c52fa506b9d84523d96","call_32cf7ff009feeb54073a","https://euraxess.ec.europa.eu/worldwide/lac","legacy_unverified","6","FALSE","euraxess.ec.europa.eu",,,,,,"Oficialidad pendiente de verificación."
"src_3692844c0853df6e6b65","opp_61c7a8092d884c2544f8","call_b15e7b35f0fd6c94d5df","https://www.spencer.org/grant_types/small-research-grant","legacy_unverified","6","FALSE","www.spencer.org",,,,,,"Oficialidad pendiente de verificación."
"src_eecc5ac6047b58c6e498","opp_ae0181524fc57e967070","call_d354d3be4682f4cf77e1","https://www.spencer.org/grant_types/large-research-grant","legacy_unverified","6","FALSE","www.spencer.org",,,,,,"Oficialidad pendiente de verificación."
"src_fd6b1fd8f92b23ed4441","opp_367c1b8a97f79979a580","call_5348a8a2ff9a80cdf3f6","https://www.spencer.org/grant_types/racial-equity-special-research-grants","legacy_unverified","6","FALSE","www.spencer.org",,,,,,"Oficialidad pendiente de verificación."
"src_b020ba9214798eaf56b5","opp_dc1497cba14034686545","call_9db7c42a5ef3dd23f355","https://www.spencer.org/grant_types/research-practice-partnerships","legacy_unverified","6","FALSE","www.spencer.org",,,,,,"Oficialidad pendiente de verificación."
"src_aa175bd72100e956f9b6","opp_ceb994f517ce4b52dc94","call_41c3dd52983962061690","https://www.spencer.org/grant_types/vision-grants","legacy_unverified","6","FALSE","www.spencer.org",,,,,,"Oficialidad pendiente de verificación."
"src_ea358904ba14cf991a4e","opp_0ea778abf59756e8133c","call_96746b34818aca8db2ca","https://wennergren.org/program/dissertation-fieldwork-grant/","legacy_unverified","6","FALSE","wennergren.org",,,,,,"Oficialidad pendiente de verificación."
"src_cd41ce9bb187ca2f6a94","opp_0ea778abf59756e8133c","call_96746b34818aca8db2ca","https://wennergren.org/application-guide/dissertation-fieldwork-grant/","legacy_unverified","6","FALSE","wennergren.org",,,,,,"Oficialidad pendiente de verificación."
"src_0a0f7e340fc0da54c21c","opp_f7f76e07e4d9fb140953","call_b62de93354b0c2f96c6e","https://wennergren.org/program/post-phd-research-grant/","legacy_unverified","6","FALSE","wennergren.org",,,,,,"Oficialidad pendiente de verificación."
"src_83c5549a7091c77adde7","opp_f7f76e07e4d9fb140953","call_b62de93354b0c2f96c6e","https://wennergren.org/application-guide/post-phd-research-grant/","legacy_unverified","6","FALSE","wennergren.org",,,,,,"Oficialidad pendiente de verificación."
"src_5f619dbef64f824fb13f","opp_849b86ca92bc3de6c228","call_ded514a559033d9fb6d2","https://wennergren.org/program/engaged-research-grant/","legacy_unverified","6","FALSE","wennergren.org",,,,,,"Oficialidad pendiente de verificación."
"src_d11a3cdfb62df249821f","opp_849b86ca92bc3de6c228","call_ded514a559033d9fb6d2","https://wennergren.org/application-guide/engaged-research-grant/","legacy_unverified","6","FALSE","wennergren.org",,,,,,"Oficialidad pendiente de verificación."
"src_be4d546205f63e207b31","opp_69b1f2105bc222a55b0d","call_fb142264fbe5524d55fd","https://wennergren.org/program/global-initiatives-grant/","legacy_unverified","6","FALSE","wennergren.org",,,,,,"Oficialidad pendiente de verificación."
"src_28939718c314612954eb","opp_69b1f2105bc222a55b0d","call_fb142264fbe5524d55fd","https://wennergren.org/application-guide/global-initiatives-grant/","legacy_unverified","6","FALSE","wennergren.org",,,,,,"Oficialidad pendiente de verificación."
"src_c51a5552931946b98088","opp_577e735aa5602ef55e1d","call_b649a75a5e060beb5dd8","https://leakeyfoundation.org/grant/research/","legacy_unverified","6","FALSE","leakeyfoundation.org",,,,,,"Oficialidad pendiente de verificación."
"src_939b8dca870c03a646a9","opp_3ff926143d8dbe1853e3","call_97246317969d698b1510","https://www.nationalgeographic.org/society/grants-and-investments/","legacy_unverified","6","FALSE","www.nationalgeographic.org",,,,,,"Oficialidad pendiente de verificación."
"src_63300afddc0fbcefd52a","opp_b16a8a88ba234c784764","call_d68c8b84a3fb9200079b","https://www.nationalgeographic.org/society/grants-and-investments/","legacy_unverified","6","FALSE","www.nationalgeographic.org",,,,,,"Oficialidad pendiente de verificación."
"src_92701c67943a6f188693","opp_05596a058a42f8ea3572","call_bfb08c54b56205362f14","https://www.isocfoundation.org/grant-programme/research-grant-programme/","legacy_unverified","6","FALSE","www.isocfoundation.org",,,,,,"Oficialidad pendiente de verificación."
"src_0bb96764f9a4212064f1","opp_05596a058a42f8ea3572","call_bfb08c54b56205362f14","https://www.isocfoundation.org/2026/04/applications-open-for-the-research-grant-program/","legacy_unverified","6","FALSE","www.isocfoundation.org",,,,,,"Oficialidad pendiente de verificación."
"src_001e00869a97d49e8ce9","opp_5d9ad8e78aa6284090f4","call_d8eeed69304804ac583c","https://www.rwjf.org/en/grants/active-funding-opportunities/2026/learning-from-abroad-to-reimagine-health-knowledge-systems-for-equity-and-wellbeing.html","legacy_unverified","6","FALSE","www.rwjf.org",,,,,,"Oficialidad pendiente de verificación."
"src_72d39825d12cacbadd65","opp_1c867e81a5fecb498ffa","call_8cc92144222439104860","https://www.spssi.org/index.cfm?fuseaction=page.viewPage&nodeID=1&pageID=2593","legacy_unverified","6","FALSE","www.spssi.org",,,,,,"Oficialidad pendiente de verificación."
"src_d9f7c190bb0d2fd61126","opp_080a007e6f24408b6c2e","call_ec5d4158f6845ee224d5","https://www.spssi.org/grantsinaid","legacy_unverified","6","FALSE","www.spssi.org",,,,,,"Oficialidad pendiente de verificación."
"src_a6fc9064016398ce96cb","opp_080a007e6f24408b6c2e","call_ec5d4158f6845ee224d5","https://www.spssi.org/index.cfm?fuseaction=Page.ViewPage&pageId=1978","legacy_unverified","6","FALSE","www.spssi.org",,,,,,"Oficialidad pendiente de verificación."
"src_927e36300ff0009feeca","opp_2ecdaec52f731ba2c1a5","call_44b309ccd6964b700fa7","https://www.amphilsoc.org/grants/franklin-research-grants","legacy_unverified","6","FALSE","www.amphilsoc.org",,,,,,"Oficialidad pendiente de verificación."
"src_7d4fc801066711c3acaa","opp_5ed6fde327895fd87963","call_2c0700ce12de1f6d6e2a","https://ampsychfdn.org/funding/visionary-grants/","legacy_unverified","6","FALSE","ampsychfdn.org",,,,,,"Oficialidad pendiente de verificación."
"src_a3b6126d219b3616f4ee","opp_d529f9eb15bf5a4f6814","call_e0f42c91809af85c222c","https://www.grandchallenges.ca/apply-for-funding/","legacy_unverified","6","FALSE","www.grandchallenges.ca",,,,,,"Oficialidad pendiente de verificación."
"src_7061fc39cf7a382c3d88","opp_d529f9eb15bf5a4f6814","call_e0f42c91809af85c222c","https://www.grandchallenges.ca/portfolio/stars-in-global-health/","legacy_unverified","6","FALSE","www.grandchallenges.ca",,,,,,"Oficialidad pendiente de verificación."
"src_7edbd0e75e5516dc8cdf","opp_577fb00e136fb42c677b","call_f36c6cc5475f99572920","https://www.dfat.gov.au/people-to-people/foundations-councils-institutes/coalar/grants","legacy_unverified","6","FALSE","www.dfat.gov.au",,,,,,"Oficialidad pendiente de verificación."
"src_389af34e194015bc5675","opp_577fb00e136fb42c677b","call_f36c6cc5475f99572920","https://www.dfat.gov.au/people-people/council-australia-latin-america-relations-coalar-grants-eligibility","legacy_unverified","6","FALSE","www.dfat.gov.au",,,,,,"Oficialidad pendiente de verificación."
"src_cb12360f0dc74a6c20fe","opp_577fb00e136fb42c677b","call_f36c6cc5475f99572920","https://www.grants.gov.au/Go/Show?GoUuid=c0aa3e91-6075-467c-9892-876e1aa67ad3","legacy_unverified","6","FALSE","www.grants.gov.au",,,,,,"Oficialidad pendiente de verificación."
"src_90016a35b41c248649fd","opp_9300cecb5582e12f7bba","call_2d2fc7e81896912b3508","https://global-partnerships.uq.edu.au/research/area/chile","legacy_unverified","6","FALSE","global-partnerships.uq.edu.au",,,,,,"Oficialidad pendiente de verificación."
"src_8ac526efb722e4de1d40","opp_9300cecb5582e12f7bba","call_2d2fc7e81896912b3508","https://global-partnerships.uq.edu.au/latin-america/chile","legacy_unverified","6","FALSE","global-partnerships.uq.edu.au",,,,,,"Oficialidad pendiente de verificación."
"src_963370b14bf6490e89d0","opp_13297f69a8320c2ec70c","call_aa8b03cdd9b89795c98d","https://apnic.foundation/grants/isif-asia/","legacy_unverified","6","FALSE","apnic.foundation",,,,,,"Oficialidad pendiente de verificación."
"src_c8d02310d9a181529f96","opp_13297f69a8320c2ec70c","call_aa8b03cdd9b89795c98d","https://apnic.foundation/grants/isif-asia/isif-asia-faqs/","legacy_unverified","6","FALSE","apnic.foundation",,,,,,"Oficialidad pendiente de verificación."
"src_67ebf66f543a892c23af","opp_13297f69a8320c2ec70c","call_aa8b03cdd9b89795c98d","https://blog.apnic.net/2025/02/18/2025-isif-asia-applications-now-open/","legacy_unverified","6","FALSE","blog.apnic.net",,,,,,"Oficialidad pendiente de verificación."
"src_d6d93209966c988850d8","opp_169dcab395a71d0639c4","call_db8fde64d0bc7427af37","https://socialsciences.org.au/our-work/international/","legacy_unverified","6","FALSE","socialsciences.org.au",,,,,,"Oficialidad pendiente de verificación."
"src_572d3d49f5d60ff6fe0f","opp_169dcab395a71d0639c4","call_db8fde64d0bc7427af37","https://socialsciences.org.au/wp-content/uploads/2025/09/PSS-AFIPS-2025-26-Guidelines-.pdf","legacy_unverified","6","FALSE","socialsciences.org.au",,,,,,"Oficialidad pendiente de verificación."
"src_a477944270f9b15507a7","opp_169dcab395a71d0639c4","call_db8fde64d0bc7427af37","https://socialsciences.org.au/wp-content/uploads/2025/09/AFIPS_Pacific_Social_Science_Academic_Grants_Guidelines_2026.pdf","legacy_unverified","6","FALSE","socialsciences.org.au",,,,,,"Oficialidad pendiente de verificación."
"src_bed2b16114ac8c644663","opp_035eb2dcace7243f9503","call_bef5cb65af40ab0defe3","https://socialsciences.org.au/wp-content/uploads/2026/01/IPSE-AFIPS-2025-26-Guidelines-.pdf","legacy_unverified","6","FALSE","socialsciences.org.au",,,,,,"Oficialidad pendiente de verificación."
"src_61243082b6b3aa4e833c","opp_035eb2dcace7243f9503","call_bef5cb65af40ab0defe3","https://socialsciences.org.au/wp-content/uploads/2025/09/AFIPS-Strategic-Environment-Guidelines-2026.pdf","legacy_unverified","6","FALSE","socialsciences.org.au",,,,,,"Oficialidad pendiente de verificación."
"src_acfc6760bb961c8f9375","opp_035eb2dcace7243f9503","call_bef5cb65af40ab0defe3","https://socialsciences.org.au/our-work/international/","legacy_unverified","6","FALSE","socialsciences.org.au",,,,,,"Oficialidad pendiente de verificación."
"src_cb9a80537351eaaf277d","opp_ee7331ebfa61a1e31f84","call_83ef96dc8b2764d31e35","https://humanities.org.au/grants-and-awards/humanities-travelling-fellowships/","legacy_unverified","6","FALSE","humanities.org.au",,,,,,"Oficialidad pendiente de verificación."
"src_3b9d46bb113468fc614b","opp_ee7331ebfa61a1e31f84","call_83ef96dc8b2764d31e35","https://humanities.org.au/wp-content/uploads/2026/01/Humanities-Travelling-Fellowship-Guidelines-2026.pdf","legacy_unverified","6","FALSE","humanities.org.au",,,,,,"Oficialidad pendiente de verificación."
"src_d9dd485718e218c3c011","opp_2701dcf4522d45686ae4","call_d75fa737d74c90522272","https://humanities.org.au/grants-and-awards/publication-subsidy/","legacy_unverified","6","FALSE","humanities.org.au",,,,,,"Oficialidad pendiente de verificación."
"src_6cd79e59f208b2eb3a58","opp_2701dcf4522d45686ae4","call_d75fa737d74c90522272","https://humanities.org.au/wp-content/uploads/2026/01/Publication-Subsidy-Scheme-Guidelines-2026.pdf","legacy_unverified","6","FALSE","humanities.org.au",,,,,,"Oficialidad pendiente de verificación."
"src_9ade2d161e5a20924192","opp_ed524c824abc574769f0","call_a3e980e6799d3ac94e44","https://humanities.org.au/grants-and-awards/ernst-rosemarie-keller-fund/","legacy_unverified","6","FALSE","humanities.org.au",,,,,,"Oficialidad pendiente de verificación."
"src_51280c45ec99280ebfdd","opp_ed524c824abc574769f0","call_a3e980e6799d3ac94e44","https://humanities.org.au/wp-content/uploads/2024/03/Ernst-and-Rosemarie-Keller-Fund-Guidelines-2024.pdf","legacy_unverified","6","FALSE","humanities.org.au",,,,,,"Oficialidad pendiente de verificación."
"src_986bc6e006ebc50aa6ca","opp_81d451bed25bdcfdf32b","call_338e69a55e9f98036e81","https://www.toyotafound.or.jp/english/grant/research/","legacy_unverified","6","FALSE","www.toyotafound.or.jp",,,,,,"Oficialidad pendiente de verificación."
"src_ef35b75136538cd2fe3c","opp_81d451bed25bdcfdf32b","call_338e69a55e9f98036e81","https://www.toyotafound.or.jp/english/grant/research/data/2026_Research_Proposal_Guideline_EG.pdf","legacy_unverified","6","FALSE","www.toyotafound.or.jp",,,,,,"Oficialidad pendiente de verificación."
"src_306f5c732fc7845c6d4f","opp_f3d73803181a568e4043","call_972591970a919eb69b65","https://www.toshibafoundation.com/apply/grantsapplication.html","legacy_unverified","6","FALSE","www.toshibafoundation.com",,,,,,"Oficialidad pendiente de verificación."
"src_9b8a175df843a2e54576","opp_50591a2175ce2f8f7c2b","call_d23bf39fe3ade494076e","https://www.jpf.go.jp/e/program/intel.html","legacy_unverified","6","FALSE","www.jpf.go.jp",,,,,,"Oficialidad pendiente de verificación."
"src_dd1edc8352d12f398526","opp_50591a2175ce2f8f7c2b","call_d23bf39fe3ade494076e","https://investigacion.uc.cl/concursos/programas-japan-foundation/","legacy_unverified","6","FALSE","investigacion.uc.cl",,,,,,"Oficialidad pendiente de verificación."
"src_ce9463f91c20b3e64df7","opp_13ba17a88ae58d760846","call_85124a37eb265e574a19","https://www.jpf.go.jp/e/program/intel.html","legacy_unverified","6","FALSE","www.jpf.go.jp",,,,,,"Oficialidad pendiente de verificación."
"src_da46ab33e3fdc1733d02","opp_13ba17a88ae58d760846","call_85124a37eb265e574a19","https://investigacion.uc.cl/concursos/programas-japan-foundation/","legacy_unverified","6","FALSE","investigacion.uc.cl",,,,,,"Oficialidad pendiente de verificación."
"src_001a5bf729ae9449153f","opp_edf9b80cac4bc64fbb92","call_b7a0b89fed30eabced8b","https://apply.kf.or.kr/selectNoticeAndApplicationView.nkf?anucNo=A1G0000938&lang=en_US&notiSeq=&pageIndex=1","legacy_unverified","6","FALSE","apply.kf.or.kr",,,,,,"Oficialidad pendiente de verificación."
"src_9409193dec3939634cae","opp_3cfedca8a132d2127b21","call_e01ffc188b4c2249ed5e","https://www.kf.or.kr/kfEng/cm/cntnts/cntntsView.do?cntntsId=1639&mi=2220","legacy_unverified","6","FALSE","www.kf.or.kr",,,,,,"Oficialidad pendiente de verificación."
"src_84f1db7b62ec210c3cdc","opp_88896672566416d0ff01","call_bef7f213fa6c948b9915","https://www.kf.or.kr/kfEng/cm/cntnts/cntntsView.do?cntntsId=1677&mi=2222","legacy_unverified","6","FALSE","www.kf.or.kr",,,,,,"Oficialidad pendiente de verificación."
"src_add4abf86f4e12a95dc7","opp_db7d5c1ff6db5dfe2a59","call_7383bde30981fd8f947f","https://www.aks.ac.kr/ikorea/com/cmm/EgovContentView.do?lang=eng&menuNo=2010110000","legacy_unverified","6","FALSE","www.aks.ac.kr",,,,,,"Oficialidad pendiente de verificación."
"src_f949173098c0e4536244","opp_9e27e296323a55a43e54","call_979f48913a149d8e0715","https://www.cckf.org.tw/en/programs","legacy_unverified","6","FALSE","www.cckf.org.tw",,,,,,"Oficialidad pendiente de verificación."
"src_43e2ffdf18b44ab83577","opp_9e27e296323a55a43e54","call_979f48913a149d8e0715","https://www.cckf.org.tw/en/news/2024052002","legacy_unverified","6","FALSE","www.cckf.org.tw",,,,,,"Oficialidad pendiente de verificación."
"src_cec8890f5f9462ba0d2e","opp_885d0065a4aa1459b386","call_9612c73f7bc3a3641003","https://www.cckf.org.tw/en/programs","legacy_unverified","6","FALSE","www.cckf.org.tw",,,,,,"Oficialidad pendiente de verificación."
"src_9fd1e2b924c708c52961","opp_885d0065a4aa1459b386","call_9612c73f7bc3a3641003","https://www.cckf.org.tw/en/news/2024052002","legacy_unverified","6","FALSE","www.cckf.org.tw",,,,,,"Oficialidad pendiente de verificación."
"src_a3dea1a77d0b11f33d3a","opp_16e0dbf0146e76a798db","call_d155f83c20427ca4672f","https://www.cckf.org.tw/en/programs","legacy_unverified","6","FALSE","www.cckf.org.tw",,,,,,"Oficialidad pendiente de verificación."
"src_5e73e0652d3ea448a7c9","opp_16e0dbf0146e76a798db","call_d155f83c20427ca4672f","https://www.cckf.org.tw/en/programs/european/database","legacy_unverified","6","FALSE","www.cckf.org.tw",,,,,,"Oficialidad pendiente de verificación."
"src_c3ecf19c1ace6b7b0f38","opp_b7b2094c17e9582202da","call_159fee6adb6379b090b7","https://www.spf.org/en/about/idea_submission/","legacy_unverified","6","FALSE","www.spf.org",,,,,,"Oficialidad pendiente de verificación."
"src_d64c4d68845d19f749fa","opp_2335859086d0c69fc967","call_396194a576ad6f4f5995","https://www.gdn.int/gdac/2026","legacy_unverified","6","FALSE","www.gdn.int",,,,,,"Oficialidad pendiente de verificación."
"src_74badb18e5bea53b1bac","opp_2335859086d0c69fc967","call_396194a576ad6f4f5995","https://www.gdn.int/gdac/2025/ord","legacy_unverified","6","FALSE","www.gdn.int",,,,,,"Oficialidad pendiente de verificación."
"src_e881ac51ace50cdc15ac","opp_1dd85069f54ec399961c","call_f0b336b75149a06c8579","https://thedocs.worldbank.org/en/doc/1914f7056e88626e28a292128b01bb82-0090052024/original/SIEF-Call7-CallForProposals-122224.pdf","legacy_unverified","6","FALSE","thedocs.worldbank.org",,,,,,"Oficialidad pendiente de verificación."
"src_328d2cc70ca98ee7cd76","opp_585510091802011e413f","call_c8d63ecfbe3bf24444bb","https://tdr.who.int/grants","legacy_unverified","6","FALSE","tdr.who.int",,,,,,"Oficialidad pendiente de verificación."
"src_2dd5889e7306fb5eb3dc","opp_585510091802011e413f","call_c8d63ecfbe3bf24444bb","https://tdr.who.int/home/our-work/global-engagement/tdr-small-research-grants-scheme","legacy_unverified","6","FALSE","tdr.who.int",,,,,,"Oficialidad pendiente de verificación."
"src_d689711fb21dece84789","opp_e3552efbae84b79520c8","call_fe6e9d82819da178767c","https://www.unesco.org/en/silkroads/youth-grant","legacy_unverified","6","FALSE","www.unesco.org",,,,,,"Oficialidad pendiente de verificación."
"src_9aa3ff6380518e5c546b","opp_e3552efbae84b79520c8","call_fe6e9d82819da178767c","https://www.unesco.org/en/articles/unesco-calls-proposals-2022-silk-roads-youth-research-grant","legacy_unverified","6","FALSE","www.unesco.org",,,,,,"Oficialidad pendiente de verificación."
"src_1db02529140e29ea11a1","opp_98caabf5caf30d5077a7","call_f7f5bc7658160e11f02b","https://www.unesco.org/en/youth/global-grant-scheme","legacy_unverified","6","FALSE","www.unesco.org",,,,,,"Oficialidad pendiente de verificación."
"src_ce2bab533fd9d670aa72","opp_ebe89498da1aaf663b83","call_311f9bdffe98fdc8b8e2","https://www.iassw-aiets.org/iassw-international-projects/","legacy_unverified","6","FALSE","www.iassw-aiets.org",,,,,,"Oficialidad pendiente de verificación."
"src_b365558c323e427873f0","opp_ebe89498da1aaf663b83","call_311f9bdffe98fdc8b8e2","https://www.iassw-aiets.org/2025/10/28/call-for-collaborative-research-projects/","legacy_unverified","6","FALSE","www.iassw-aiets.org",,,,,,"Oficialidad pendiente de verificación."
"src_23cc9246587ba9b7ed06","opp_c4dca34c84a57de557d6","call_3ae32cc90e3ac648a5ee","https://www.nationalgeographic.org/society/grants-and-investments/","legacy_unverified","6","FALSE","www.nationalgeographic.org",,,,,,"Oficialidad pendiente de verificación."
"src_6912dd2e0297efd76005","opp_c4dca34c84a57de557d6","call_3ae32cc90e3ac648a5ee","https://infofin.ulb.be/download?file=uploads%2Fdocs%2FxCr85srzdK%2FFunding-Opportunities-Overview-2025.pdf&name=Funding-Opportunities-Overview-2025.pdf","legacy_unverified","6","FALSE","infofin.ulb.be",,,,,,"Oficialidad pendiente de verificación."
"src_3cc66ee30d6c2d7d48bf","opp_fe693f2223da83e3745a","call_ee73fac6ae3159c1fc91","https://www.nationalgeographic.org/society/grants-and-investments/","legacy_unverified","6","FALSE","www.nationalgeographic.org",,,,,,"Oficialidad pendiente de verificación."
"src_c6fcdd13f2c9eb3a652a","opp_fe693f2223da83e3745a","call_ee73fac6ae3159c1fc91","https://infofin.ulb.be/download?file=uploads%2Fdocs%2FxCr85srzdK%2FFunding-Opportunities-Overview-2025.pdf&name=Funding-Opportunities-Overview-2025.pdf","legacy_unverified","6","FALSE","infofin.ulb.be",,,,,,"Oficialidad pendiente de verificación."
"src_b3cf29fd7cc8cdeca6a5","opp_54c26ad76a010e961afe","call_6d6e6aad004b6fbdad3c","https://www.spencer.org/grant_types/small-research-grant","legacy_unverified","6","FALSE","www.spencer.org",,,,,,"Oficialidad pendiente de verificación."
"src_b76b962a88fc5178164f","opp_54c26ad76a010e961afe","call_6d6e6aad004b6fbdad3c","https://www.spencer.org/resources/Applicant-Information-and-Policies","legacy_unverified","6","FALSE","www.spencer.org",,,,,,"Oficialidad pendiente de verificación."
"src_6560c1408df76006b748","opp_4ecb69c8bdab7ab6251a","call_b4b40059e535ebf02ce7","https://www.spencer.org/grant_types/large-research-grant","legacy_unverified","6","FALSE","www.spencer.org",,,,,,"Oficialidad pendiente de verificación."
"src_51f223fa3e14fbf87b87","opp_4ecb69c8bdab7ab6251a","call_b4b40059e535ebf02ce7","https://www.spencer.org/resources/Applicant-Information-and-Policies","legacy_unverified","6","FALSE","www.spencer.org",,,,,,"Oficialidad pendiente de verificación."
"src_229ddfd8297ff8a6b24d","opp_0ea778abf59756e8133c","call_0ac643bb97d023d96621","https://wennergren.org/program/dissertation-fieldwork-grant/","legacy_unverified","6","FALSE","wennergren.org",,,,,,"Oficialidad pendiente de verificación."
"src_4742fb9e44b8baf3ef7e","opp_0ea778abf59756e8133c","call_0ac643bb97d023d96621","https://wennergren.org/application-guide/dissertation-fieldwork-grant/","legacy_unverified","6","FALSE","wennergren.org",,,,,,"Oficialidad pendiente de verificación."
"src_91cae4484cfb3c552706","opp_f7f76e07e4d9fb140953","call_ad1511151a97bc193298","https://wennergren.org/application-guide/post-phd-research-grant/","legacy_unverified","6","FALSE","wennergren.org",,,,,,"Oficialidad pendiente de verificación."
"src_a04519be3e8b0d6f3b53","opp_f7f76e07e4d9fb140953","call_ad1511151a97bc193298","https://wennergren.org/grants-fellowships/","legacy_unverified","6","FALSE","wennergren.org",,,,,,"Oficialidad pendiente de verificación."
"src_20cb53d9f15d12e707cf","opp_849b86ca92bc3de6c228","call_cd63b4475b43c9bcb1f2","https://wennergren.org/program/engaged-research-grant/","legacy_unverified","6","FALSE","wennergren.org",,,,,,"Oficialidad pendiente de verificación."
"src_63e095821f1aa8aea55d","opp_849b86ca92bc3de6c228","call_cd63b4475b43c9bcb1f2","https://wennergren.org/application-guide/engaged-research-grant/","legacy_unverified","6","FALSE","wennergren.org",,,,,,"Oficialidad pendiente de verificación."
"src_606e2a5b8601bb7fb5de","opp_69b1f2105bc222a55b0d","call_42be3e33c77307f77dcf","https://wennergren.org/program/global-initiatives-grant/","legacy_unverified","6","FALSE","wennergren.org",,,,,,"Oficialidad pendiente de verificación."
"src_26c6aaaaa9b18089857e","opp_69b1f2105bc222a55b0d","call_42be3e33c77307f77dcf","https://wennergren.org/application-guide/global-initiatives-grant/","legacy_unverified","6","FALSE","wennergren.org",,,,,,"Oficialidad pendiente de verificación."
"src_20fcfd832d52a3e62263","opp_577e735aa5602ef55e1d","call_44a5fa11f45752451a67","https://leakeyfoundation.org/grant/research/","legacy_unverified","6","FALSE","leakeyfoundation.org",,,,,,"Oficialidad pendiente de verificación."
"src_3e6d113ecfe66912863a","opp_577e735aa5602ef55e1d","call_44a5fa11f45752451a67","https://leakeyfoundation.org/grants-scholarships/","legacy_unverified","6","FALSE","leakeyfoundation.org",,,,,,"Oficialidad pendiente de verificación."
"src_efb9f7653018fc100418","opp_7bcd8af5557ec612a42e","call_4ed0cabdf4f5f8c10b62","https://jacobsfoundation.org/activity/jacobs-foundation-research-fellowship-program/","legacy_unverified","6","FALSE","jacobsfoundation.org",,,,,,"Oficialidad pendiente de verificación."
"src_7d22564d31c217444882","opp_7bcd8af5557ec612a42e","call_4ed0cabdf4f5f8c10b62","https://cifarportal.smapply.io/prog/jacobs_cifar_research_fellowship_program_/","legacy_unverified","6","FALSE","cifarportal.smapply.io",,,,,,"Oficialidad pendiente de verificación."
"src_52d4b46996d204b49956","opp_15c5afa57b8d4e9941d7","call_7a3004ac155b2a83ea1a","https://www.srcd.org/news/call-submissions-2026-small-grants-program-early-career-scholars","legacy_unverified","6","FALSE","www.srcd.org",,,,,,"Oficialidad pendiente de verificación."
"src_cbf616fab907729b83e3","opp_15c5afa57b8d4e9941d7","call_7a3004ac155b2a83ea1a","https://www.srcd.org/professional-advancement/awards-grants/small-grants-program-early-career-scholars/FAQs","legacy_unverified","6","FALSE","www.srcd.org",,,,,,"Oficialidad pendiente de verificación."
"src_707997a9cec2c93eb1a5","opp_f86bd61688606c93627e","call_a32ec9324e90a64c18a9","https://gcgh.grandchallenges.org/","legacy_unverified","6","FALSE","gcgh.grandchallenges.org",,,,,,"Oficialidad pendiente de verificación."
"src_e6b77eba30d1b555db17","opp_f86bd61688606c93627e","call_a32ec9324e90a64c18a9","https://gcgh.grandchallenges.org/grant-opportunities","legacy_unverified","6","FALSE","gcgh.grandchallenges.org",,,,,,"Oficialidad pendiente de verificación."
"src_25e0f6c8764d55d0b3c1","opp_f86bd61688606c93627e","call_a32ec9324e90a64c18a9","https://gcgh.grandchallenges.org/application-guidelines","legacy_unverified","6","FALSE","gcgh.grandchallenges.org",,,,,,"Oficialidad pendiente de verificación."
"src_f30fc42c6b7db7229ca7","opp_3ed6475af4f5853c8f7d","call_aa9113c2b783e4310b40","https://www.templeton.org/grants/apply-for-grant","legacy_unverified","6","FALSE","www.templeton.org",,,,,,"Oficialidad pendiente de verificación."
"src_ac0132946cd114987430","opp_3ed6475af4f5853c8f7d","call_aa9113c2b783e4310b40","https://www.templeton.org/","legacy_unverified","6","FALSE","www.templeton.org",,,,,,"Oficialidad pendiente de verificación."
"src_75c17c5aca0272291334","opp_eb5fd66de4bc2b69d63d","call_f8703d9c26adac735d60","https://www.templetonworldcharity.org/","legacy_unverified","6","FALSE","www.templetonworldcharity.org",,,,,,"Oficialidad pendiente de verificación."
"src_51e9c43d53bfffe8a547","opp_eb5fd66de4bc2b69d63d","call_f8703d9c26adac735d60","https://www.templetonworldcharity.org/about-us/our-strategy/core-funding-areas","legacy_unverified","6","FALSE","www.templetonworldcharity.org",,,,,,"Oficialidad pendiente de verificación."
"src_bd7679576bed8215b6b1","opp_7aa3cf4744d5ed860fdb","call_db0328f9dd74e23a6748","https://www.agcid.gob.cl/becas/353-fondo-chile-mexico/convocatorias","legacy_unverified","6","FALSE","www.agcid.gob.cl",,,,,,"Oficialidad pendiente de verificación."
"src_9da2944a8e96051fcc30","opp_7aa3cf4744d5ed860fdb","call_db0328f9dd74e23a6748","https://www.agci.gov.cl/noticias/2663-fondo-conjunto-de-cooperacion-chile-mexico-abre-convocatoria-2026","legacy_unverified","6","FALSE","www.agci.gov.cl",,,,,,"Oficialidad pendiente de verificación."
"src_99b0fb1bf8efb1a31358","opp_7aa3cf4744d5ed860fdb","call_db0328f9dd74e23a6748","https://investigacion.fen.uchile.cl/noticia/Convocatoria%2Bdel%2BFondo%2BConjunto%2Bde%2BCooperaci%C3%B3n%2BChile%2B-%2BM%C3%A9xico%2B2026","legacy_unverified","6","FALSE","investigacion.fen.uchile.cl",,,,,,"Oficialidad pendiente de verificación."
"src_45cba07156ce7be97b29","opp_adfd3a622bc8d01b972a","call_ee2b453c68eee5500bec","https://www.gov.br/cnpq/pt-br/chamadas/todas-as-chamadas/chamadas-2026/chamada-no-02-2026/chamada-publica-mcti-cnpq-no-02-2026-programa-de-cooperacao-latino-americana-e-caribenha-em-ciencia-tecnologia-e-inovacao-prosul-pepe-mujica","legacy_unverified","6","FALSE","www.gov.br",,,,,,"Oficialidad pendiente de verificación."
"src_756f5a324edb65ff37a0","opp_adfd3a622bc8d01b972a","call_ee2b453c68eee5500bec","https://www.gov.br/cnpq/pt-br/assuntos/noticias/cnpq-em-acao/prosul-pepe-mujica-vai-financiar-projetos-para-fortalecer-a-infraestrutura-cientifica-da-america-latina/","legacy_unverified","6","FALSE","www.gov.br",,,,,,"Oficialidad pendiente de verificación."
"src_dc73a59d4cb727e70006","opp_adfd3a622bc8d01b972a","call_ee2b453c68eee5500bec","https://www.gub.uy/ministerio-educacion-cultura/comunicacion/noticias/continua-abierta-convocatoria-programa-cooperacion-cientifica-pepe-mujica","legacy_unverified","6","FALSE","www.gub.uy",,,,,,"Oficialidad pendiente de verificación."
"src_9b829b13752ede704db1","opp_adfd3a622bc8d01b972a","call_ee2b453c68eee5500bec","https://investigacion.uc.cl/concursos/programa-de-cooperacao-latino-americana-e-caribenha-em-ciencia-tecnologia-e-inovacao-prosul-pepe-mujica/","legacy_unverified","6","FALSE","investigacion.uc.cl",,,,,,"Oficialidad pendiente de verificación."
"src_bc22b1079c7dba83b658","opp_fba1db46d032cee76778","call_42cdaa041e0cf51de4a0","https://fapesp.br/en/17591/joint-call-for-proposals-of-the-proasa-fapesp-program-and-agencia-nacional-de-investigacion-y-desarrollo-anid-2025","legacy_unverified","6","FALSE","fapesp.br",,,,,,"Oficialidad pendiente de verificación."
"src_c4150e8ed049a36a5fcb","opp_fba1db46d032cee76778","call_42cdaa041e0cf51de4a0","https://fapesp.br/en/proasa","legacy_unverified","6","FALSE","fapesp.br",,,,,,"Oficialidad pendiente de verificación."
"src_82a563bea44188cdb5b6","opp_fba1db46d032cee76778","call_42cdaa041e0cf51de4a0","https://fapesp.br/17970/proasa-call-with-chilean-funding-agency-has-approved-proposals","legacy_unverified","6","FALSE","fapesp.br",,,,,,"Oficialidad pendiente de verificación."
"src_74e305f0e9908050c701","opp_fba1db46d032cee76778","call_42cdaa041e0cf51de4a0","https://investigacion.uc.cl/concursos/concurso-anid-fapesp-2025/","legacy_unverified","6","FALSE","investigacion.uc.cl",,,,,,"Oficialidad pendiente de verificación."
"src_48250f7a04d2efbe8567","opp_038cf9bb38f2cd72daca","call_3891ea2883370cf03ed6","https://www.clacso.org/becas/","legacy_unverified","6","FALSE","www.clacso.org",,,,,,"Oficialidad pendiente de verificación."
"src_0899563e13776c6a5cd4","opp_038cf9bb38f2cd72daca","call_3891ea2883370cf03ed6","https://www.clacso.org/becas/concursos/","legacy_unverified","6","FALSE","www.clacso.org",,,,,,"Oficialidad pendiente de verificación."
"src_a7e776be9dcf5f1b978a","opp_038cf9bb38f2cd72daca","call_3891ea2883370cf03ed6","https://www.clacso.org/promocion-de-la-investigacion-nuevo/","legacy_unverified","6","FALSE","www.clacso.org",,,,,,"Oficialidad pendiente de verificación."
"src_71674ad378958b0f23fd","opp_894639cf7fdefdc64624","call_4d94c1b9bfe2b519c9a1","https://www.clacso.org/capacidades-estatales-transicion-energetica-y-justicia-climatica-2/","legacy_unverified","6","FALSE","www.clacso.org",,,,,,"Oficialidad pendiente de verificación."
"src_83ea1a4c2bcf5c913023","opp_894639cf7fdefdc64624","call_4d94c1b9bfe2b519c9a1","https://www.clacso.org/becas/","legacy_unverified","6","FALSE","www.clacso.org",,,,,,"Oficialidad pendiente de verificación."
"src_7dbb7d61597aa77bcd6e","opp_648460d7498fb5fea03d","call_d8ce535e168a834f3601","https://www.clacso.org/libertad-academica-en-el-sur-global-aprendizajes-sociales-e-institucionales-desde-america-latina-el-caribe-y-africa/","legacy_unverified","6","FALSE","www.clacso.org",,,,,,"Oficialidad pendiente de verificación."
"src_f6cc218b9b96b4d6c736","opp_648460d7498fb5fea03d","call_d8ce535e168a834f3601","https://www.clacso.org/becas/","legacy_unverified","6","FALSE","www.clacso.org",,,,,,"Oficialidad pendiente de verificación."
"src_e1497b1035445cbf610c","opp_a8a7405194f735aef4c4","call_79852eeae3dfc9bfa6d3","https://www.clacso.org/strengthening-comparative-research-and-critical-thinking-on-academic-freedom-in-the-americas/","legacy_unverified","6","FALSE","www.clacso.org",,,,,,"Oficialidad pendiente de verificación."
"src_cab8ded47975dd54ffe8","opp_2ff68959ab4ed81cbeea","call_750e809fc545eb6d285e","https://calas.lat/es/convocatoria","legacy_unverified","6","FALSE","calas.lat",,,,,,"Oficialidad pendiente de verificación."
"src_dec3b1a66a1eda06f5b7","opp_2ff68959ab4ed81cbeea","call_750e809fc545eb6d285e","https://www.udg.mx/es/node/85505?q=es%2Fnode%2F85505","legacy_unverified","6","FALSE","www.udg.mx",,,,,,"Oficialidad pendiente de verificación."
"src_a75773ecec9b7dfcd0af","opp_2ff68959ab4ed81cbeea","call_750e809fc545eb6d285e","https://www.flacso.edu.ec/sites/default/files/2026-01/Convocatoria_CALAS_%20Lab_Aceleraciones%20_transformaciones%20_mundo_laboral_2026.pdf","legacy_unverified","6","FALSE","www.flacso.edu.ec",,,,,,"Oficialidad pendiente de verificación."
"src_e5aa4747bbe5aac47fc8","opp_e4ce4385db4cd7da70cf","call_2d4bc55f8abcf3ebaeed","https://calas.lat/es/convocatorias/becas-de-investigadora-visitante-senior-2026","legacy_unverified","6","FALSE","calas.lat",,,,,,"Oficialidad pendiente de verificación."
"src_ecc19a3d49d1cd3a8c44","opp_e4ce4385db4cd7da70cf","call_2d4bc55f8abcf3ebaeed","https://calas.lat/es/convocatoria","legacy_unverified","6","FALSE","calas.lat",,,,,,"Oficialidad pendiente de verificación."
"src_dd68b1a5f36fc8ae7969","opp_88fe4fc5b11dd2251672","call_0d2f0da4c98511b74c1e","https://calas.lat/es/convocatoria","legacy_unverified","6","FALSE","calas.lat",,,,,,"Oficialidad pendiente de verificación."
"src_ef0666a22bb907f437e7","opp_017f41c58ad09d038eb1","call_bd40b4b09502c8d11a39","https://www.sur-futuro.org/llamado-propuestas-2026","legacy_unverified","6","FALSE","www.sur-futuro.org",,,,,,"Oficialidad pendiente de verificación."
"src_5e727e7955cc6778b979","opp_017f41c58ad09d038eb1","call_bd40b4b09502c8d11a39","https://www.sur-futuro.org/futureworks","legacy_unverified","6","FALSE","www.sur-futuro.org",,,,,,"Oficialidad pendiente de verificación."
"src_515f3831b3c69986b1fb","opp_017f41c58ad09d038eb1","call_bd40b4b09502c8d11a39","https://www.sur-futuro.org/llamado-a-investigaciones-2024","legacy_unverified","6","FALSE","www.sur-futuro.org",,,,,,"Oficialidad pendiente de verificación."
"src_94634ee1566a0ef67ea2","opp_017f41c58ad09d038eb1","call_bd40b4b09502c8d11a39","https://pure.uai.cl/es/projects/futureworks-skills-for-a-sustainable-and-inclusive-future-of-work/","legacy_unverified","6","FALSE","pure.uai.cl",,,,,,"Oficialidad pendiente de verificación."
"src_ff56e2f5d84a534d74dc","opp_6c57d3e86839df508d9f","call_b66a586b99f12bd93512","https://www.argentina.gob.ar/node/394216","legacy_unverified","6","FALSE","www.argentina.gob.ar",,,,,,"Oficialidad pendiente de verificación."
"src_2c835813cfcedcc18aed","opp_6c57d3e86839df508d9f","call_b66a586b99f12bd93512","https://www.argentina.gob.ar/sites/default/files/2023/08/23-8-2023_convocatoria_iica_mincyt.pdf","legacy_unverified","6","FALSE","www.argentina.gob.ar",,,,,,"Oficialidad pendiente de verificación."
"src_c21527f9239860becd5b","opp_dd3df679ee567bd8aa4b","call_1bb9607f4b76298ac899","https://www.conicyt.cl/sobre-conicyt/convenios/convenios-internacionales/acuerdo-marco-de-promocion-de-la-actividad-cientifica-y-tecnologica-entre-la-comision-nacional-de-investigacion-cientifica-y-tecnologica-de-la-republica-de-chile-y-el-ministerio-de-ciencia-tecnologia/","legacy_unverified","6","FALSE","www.conicyt.cl",,,,,,"Oficialidad pendiente de verificación."
"src_d51bd7391420d3ca45ec","opp_dd3df679ee567bd8aa4b","call_1bb9607f4b76298ac899","https://www.conicyt.cl/sobre-conicyt/convenios/convenios-internacionales/convenio-de-promocion-de-la-actividad-cientifica-y-tecnologica-de-la-republica-de-chile-la-agencia-nacional-de-promocion-cientifica-y-tecnologica-y-la-direccion-nacional-de-relaciones-internacionale/","legacy_unverified","6","FALSE","www.conicyt.cl",,,,,,"Oficialidad pendiente de verificación."
"src_55fd2a761f28fb2299d1","opp_dd3df679ee567bd8aa4b","call_1bb9607f4b76298ac899","https://www.conicyt.cl/pci/2009/05/proyectos-de-intercambio-conicytmincyt-argentina-convocatoria-2009/","legacy_unverified","6","FALSE","www.conicyt.cl",,,,,,"Oficialidad pendiente de verificación."
"src_6d0678c465c482d77201","opp_9cb546e41e84f9f5fe90","call_eaa381b4bbab58d0c93d","https://agro.uba.ar/internacionales/convocatorias/3596","legacy_unverified","6","FALSE","agro.uba.ar",,,,,,"Oficialidad pendiente de verificación."
"src_ccbf0d411614975b754f","opp_5dd277c3c26068dba2d8","call_ff072cefc8f49e5b6787","https://www.gub.uy/agencia-uruguaya-cooperacion-internacional/comunicacion/convocatorias/vi-convocatoria-fondo-conjunto-cooperacion-tecnica-cientifica-uruguay","legacy_unverified","6","FALSE","www.gub.uy",,,,,,"Oficialidad pendiente de verificación."
"src_26d7e60bc52fe07af7c7","opp_5dd277c3c26068dba2d8","call_ff072cefc8f49e5b6787","https://www.gob.mx/amexcid/documentos/vi-convocatoria-2025-fondo-mexico-uruguay","legacy_unverified","6","FALSE","www.gob.mx",,,,,,"Oficialidad pendiente de verificación."
"src_f90261997ff304e045f0","opp_5dd277c3c26068dba2d8","call_ff072cefc8f49e5b6787","https://www.gub.uy/ministerio-educacion-cultura/comunicacion/noticias/uruguay-mexico-renuevan-lazos-estrategicos-cooperacion","legacy_unverified","6","FALSE","www.gub.uy",,,,,,"Oficialidad pendiente de verificación."
"src_06090b213f08035fa4e8","opp_5dd277c3c26068dba2d8","call_ff072cefc8f49e5b6787","https://www.fing.edu.uy/sites/default/files/2025-06/bases-vi-convocatoria-2025-fondo-uy-mx_0.pdf","legacy_unverified","6","FALSE","www.fing.edu.uy",,,,,,"Oficialidad pendiente de verificación."
"src_84c0ed8048fb38eca2a8","opp_c2a4e5020f43da8d1e32","call_7080c950ae831c5b5617","https://anii.org.uy/apoyos/investigacion/","legacy_unverified","6","FALSE","anii.org.uy",,,,,,"Oficialidad pendiente de verificación."
"src_0bbcde97bf07878aedb9","opp_c2a4e5020f43da8d1e32","call_7080c950ae831c5b5617","https://www.anii.org.uy/upcms/files/llamados/informecierre/informe-cierre-convocatoria-eulac-2025.pdf","legacy_unverified","6","FALSE","www.anii.org.uy",,,,,,"Oficialidad pendiente de verificación."
"src_17bfa2ed5afa3eb36fda","opp_d9400f3f71e974c6114a","call_8aeded1e7802916cf2a4","https://anii.org.uy/apoyos/investigacion/519/convocatoria-belmont-forum-ocean-2/","legacy_unverified","6","FALSE","anii.org.uy",,,,,,"Oficialidad pendiente de verificación."
