"legacy_source_id","opportunity_id","excel_row","classification","duplicate_candidates"
"legacy_23b7719484aebde10944","opp_6741d6df063a90ef9c9e",2,"fondo",""
"legacy_d2fdea3193a49be5d251","opp_5ed244f28a44e40df816",3,"fondo",""
"legacy_205add3b85fcab39cc97","opp_d8991b15885de6ca4f85",4,"fondo",""
"legacy_fb5a3a32ff99bbe79818","opp_64f5f4e6855b82e2853a",5,"fondo",""
"legacy_1537b15d126da2bf1f71","opp_37497214cf0321846585",6,"fondo",""
"legacy_333598547f13d54cb171","opp_f30830e5fe9a9d2b229f",7,"fondo",""
"legacy_e6922ef5a5ef10075186","opp_6911ae7bfa1ca0676127",8,"fondo",""
"legacy_763a927f47db6ee7987e","opp_5545f01288fb6cb30971",9,"estancia",""
"legacy_e406c3ee81f4e055c885","opp_f0c1969be301fadb6494",10,"revisar",""
"legacy_101a3fbd732fd22843d5","opp_e40f5ffa4b17fb9aaffd",11,"fondo",""
"legacy_f97b2bc81340d5492e73","opp_4093f8f0ea798789de96",12,"revisar",""
"legacy_7fbbdb353f8764618e6c","opp_0af050615f751ebdaf39",13,"fondo",""
"legacy_3ffc5a31cb1a87cca48d","opp_c19068586f4e977c83a5",14,"fondo",""
"legacy_a68b9739c33d9ddd3582","opp_b1b2c50fb65950dd9b1e",15,"fondo",""
"legacy_c8a4060593b9a6224699","opp_74e32bf2ff6ac05d1d3a",16,"fondo",""
"legacy_00e7466d9f1168006a51","opp_8c52fa506b9d84523d96",17,"ambos","opp_74e32bf2ff6ac05d1d3a"
"legacy_ba468a7d49030ee2d56e","opp_61c7a8092d884c2544f8",18,"fondo",""
"legacy_30e549a62e9c65df261f","opp_ae0181524fc57e967070",19,"fondo","opp_61c7a8092d884c2544f8"
"legacy_37c6f87b9a1955ad9c06","opp_367c1b8a97f79979a580",20,"fondo",""
"legacy_b7b73527c8ef7c22e8b4","opp_dc1497cba14034686545",21,"fondo",""
"legacy_fd88ffa3acceb1bb0f61","opp_ceb994f517ce4b52dc94",22,"fondo",""
"legacy_3af4626d86798d050ed0","opp_0ea778abf59756e8133c",23,"fondo",""
"legacy_b49368fce7f65f2f7fec","opp_f7f76e07e4d9fb140953",24,"fondo",""
"legacy_13e77d2690b82e3bebb3","opp_849b86ca92bc3de6c228",25,"fondo",""
"legacy_1ed06b1644955dde824a","opp_69b1f2105bc222a55b0d",26,"fondo",""
"legacy_5784b0d2bb657b4cc2ac","opp_577e735aa5602ef55e1d",27,"fondo","opp_6911ae7bfa1ca0676127"
"legacy_6716f877bd2cd66fd62b","opp_3ff926143d8dbe1853e3",28,"fondo",""
"legacy_2935317158efd1b4a745","opp_b16a8a88ba234c784764",29,"fondo","opp_3ff926143d8dbe1853e3"
"legacy_14e1e43e75e3227fa708","opp_05596a058a42f8ea3572",30,"fondo",""
"legacy_58188cc03e0052b9c08e","opp_5d9ad8e78aa6284090f4",31,"fondo",""
"legacy_64cebb2d49d860c99798","opp_1c867e81a5fecb498ffa",32,"fondo",""
"legacy_8fc5686276ecffb78130","opp_080a007e6f24408b6c2e",33,"fondo",""
"legacy_64daf2e4852c6e9ff635","opp_2ecdaec52f731ba2c1a5",34,"fondo",""
"legacy_d6e9dfc1fe913b1e2326","opp_5ed6fde327895fd87963",35,"fondo","opp_ceb994f517ce4b52dc94"
"legacy_1da05445c9616574ecd7","opp_d529f9eb15bf5a4f6814",36,"fondo",""
"legacy_8a14ea10439664b89ab1","opp_577fb00e136fb42c677b",37,"fondo",""
"legacy_ab0f4e4840c8008cc06d","opp_9300cecb5582e12f7bba",38,"fondo",""
"legacy_0de65e2b3e2c2fab19ce","opp_13297f69a8320c2ec70c",39,"fondo",""
"legacy_34af481c62e56fa3b0cd","opp_169dcab395a71d0639c4",40,"fondo",""
"legacy_898acaf698ad4905d353","opp_035eb2dcace7243f9503",41,"fondo","opp_169dcab395a71d0639c4"
"legacy_fe8f8b5fc514cbe78e3e","opp_ee7331ebfa61a1e31f84",42,"estancia",""
"legacy_2f7d84ade0b7aac98bc1","opp_2701dcf4522d45686ae4",43,"revisar",""
"legacy_5a00d053a1ebfbddceff","opp_ed524c824abc574769f0",44,"fondo",""
"legacy_c6c28e3bcadc70c81cc7","opp_81d451bed25bdcfdf32b",45,"fondo",""
"legacy_df44a63cb56a0e915107","opp_f3d73803181a568e4043",46,"fondo",""
"legacy_4be4631e7141f5da2e13","opp_50591a2175ce2f8f7c2b",47,"fondo",""
"legacy_820a893d4e1ebbf3af85","opp_13ba17a88ae58d760846",48,"estancia","opp_50591a2175ce2f8f7c2b"
"legacy_b9dda4195a64c48f8fb8","opp_edf9b80cac4bc64fbb92",49,"fondo",""
"legacy_38838636a93aebbec4db","opp_3cfedca8a132d2127b21",50,"estancia",""
"legacy_bb649ac4eaa551c9c32f","opp_88896672566416d0ff01",51,"estancia",""
"legacy_3f89d6590fcc77931c68","opp_db7d5c1ff6db5dfe2a59",52,"fondo",""
"legacy_24e754a2c9956173e1f9","opp_9e27e296323a55a43e54",53,"fondo","opp_6911ae7bfa1ca0676127 | opp_577e735aa5602ef55e1d"
"legacy_0342e95a9c0334f51db3","opp_885d0065a4aa1459b386",54,"revisar","opp_9e27e296323a55a43e54"
"legacy_60272d314c5c7f93c42b","opp_16e0dbf0146e76a798db",55,"fondo","opp_9e27e296323a55a43e54 | opp_885d0065a4aa1459b386"
"legacy_6fe2b2a365e1a2db9916","opp_b7b2094c17e9582202da",56,"fondo",""
"legacy_d3f96ce72622054fed3e","opp_2335859086d0c69fc967",57,"fondo",""
"legacy_0809854deb18d18db657","opp_1dd85069f54ec399961c",58,"fondo",""
"legacy_a6289a1b57eb5e0239d0","opp_585510091802011e413f",59,"fondo",""
"legacy_47daa67bb22adeef0375","opp_e3552efbae84b79520c8",60,"fondo",""
"legacy_8b3c960e59ec0c4dc062","opp_98caabf5caf30d5077a7",61,"fondo",""
"legacy_664bba5ea058b3f40e76","opp_ebe89498da1aaf663b83",62,"fondo",""
"legacy_6b4d0dc7b7e0dfa0aa57","opp_c4dca34c84a57de557d6",63,"fondo","opp_3ff926143d8dbe1853e3 | opp_b16a8a88ba234c784764"
"legacy_23cfa23195859a298261","opp_fe693f2223da83e3745a",64,"fondo","opp_3ff926143d8dbe1853e3 | opp_b16a8a88ba234c784764 | opp_c4dca34c84a57de557d6"
"legacy_b4b95c4aaa8b5381482f","opp_54c26ad76a010e961afe",65,"fondo","opp_61c7a8092d884c2544f8"
"legacy_da2a99703113b0daf60d","opp_4ecb69c8bdab7ab6251a",66,"fondo","opp_ae0181524fc57e967070 | opp_54c26ad76a010e961afe"
"legacy_e39600cf4f7e12024ce5","opp_0ea778abf59756e8133c",67,"fondo","opp_0ea778abf59756e8133c"
"legacy_0874c1b9eb72b708b2d7","opp_f7f76e07e4d9fb140953",68,"fondo","opp_f7f76e07e4d9fb140953"
"legacy_406a4cb1a25a158d4c38","opp_849b86ca92bc3de6c228",69,"fondo","opp_849b86ca92bc3de6c228"
"legacy_3c52d7c4735cb85972a3","opp_69b1f2105bc222a55b0d",70,"fondo","opp_69b1f2105bc222a55b0d"
"legacy_c5994cbec70743bff92e","opp_577e735aa5602ef55e1d",71,"fondo","opp_577e735aa5602ef55e1d | opp_6911ae7bfa1ca0676127 | opp_9e27e296323a55a43e54"
"legacy_01f0b31806be6fe4ebd0","opp_7bcd8af5557ec612a42e",72,"revisar","opp_f0c1969be301fadb6494"
"legacy_f3ba4b4f8f8de2776672","opp_15c5afa57b8d4e9941d7",73,"fondo",""
"legacy_09cb6d38654227b3f678","opp_f86bd61688606c93627e",74,"revisar",""
"legacy_6ae44b6d62383cf2dd70","opp_3ed6475af4f5853c8f7d",75,"fondo",""
"legacy_fbcce906d93f6607cf9a","opp_eb5fd66de4bc2b69d63d",76,"fondo","opp_3ed6475af4f5853c8f7d"
"legacy_461efc3d76640e073634","opp_7aa3cf4744d5ed860fdb",77,"fondo",""
"legacy_7efb4c7cb124ae8198d8","opp_adfd3a622bc8d01b972a",78,"fondo",""
"legacy_e3bf41efb5905246847e","opp_fba1db46d032cee76778",79,"fondo",""
"legacy_1abd650f3ef67a54d5e1","opp_038cf9bb38f2cd72daca",80,"revisar",""
"legacy_0feae9e09f7414d14873","opp_894639cf7fdefdc64624",81,"fondo","opp_038cf9bb38f2cd72daca"
"legacy_d2ed111e430a7d0a5a0c","opp_648460d7498fb5fea03d",82,"fondo","opp_038cf9bb38f2cd72daca | opp_894639cf7fdefdc64624"
"legacy_31600e712e57877a1966","opp_a8a7405194f735aef4c4",83,"fondo",""
"legacy_18361a3cdd6ff5b97f4e","opp_2ff68959ab4ed81cbeea",84,"estancia",""
"legacy_2303fceebc079303dad1","opp_e4ce4385db4cd7da70cf",85,"ambos","opp_2ff68959ab4ed81cbeea"
"legacy_04f1d68bc73e06fe9bb0","opp_88fe4fc5b11dd2251672",86,"ambos","opp_2ff68959ab4ed81cbeea | opp_e4ce4385db4cd7da70cf"
"legacy_c23f4708237fb647011a","opp_017f41c58ad09d038eb1",87,"fondo",""
"legacy_ce70d0c6f500cee2eb2a","opp_6c57d3e86839df508d9f",88,"fondo",""
"legacy_d48ca4ffd8de8f9be552","opp_dd3df679ee567bd8aa4b",89,"fondo",""
"legacy_b87d0f152a3f91e8a043","opp_9cb546e41e84f9f5fe90",90,"fondo",""
"legacy_2c76a155073f1c5daf32","opp_5dd277c3c26068dba2d8",91,"fondo",""
"legacy_5c29f99c798da0d04303","opp_c2a4e5020f43da8d1e32",92,"fondo",""
"legacy_ba4755f9b2368a180301","opp_d9400f3f71e974c6114a",93,"fondo",""
