"convocatoria","programa","institucion_financiante","institucion_destino","pais","region","perfil_investigador_elegible","requisitos_idiomas","requisitos_contraparte","area_disciplinar","objetivo","alcance","duracion_estancia","periodo_estancia","fecha_apertura","fecha_cierre","requiere_cofinanciamiento","gastos_cubiertos","frecuencia_apertura_llamado","enlaces","elegibilidad_uchile","observaciones_dudas","etapa_carrera","tipo_investigacion","estado_actual","ultima_verificacion","id"
"Post-doctoral Study Grants","Post-doctoral Study Grants","Fondation Fyssen","No encontrado","No encontrado","Europa","Investigadores/as postdoctorales; investigadores extranjeros normalmente realizan el proyecto en Francia y franceses en el extranjero según reglas históricas (check).","No encontrado","No encontrado","Psicología; Antropología; Arqueología; Etología; Paleontología; Epistemología; Lógica; Ciencias del sistema nervioso","Apoya proyectos postdoctorales en disciplinas vinculadas al estudio de mecanismos del comportamiento y procesos cognitivos.","No encontrado","8 a 12 meses según fuentes históricas/secundarias (check)","No encontrado","No encontrado","Convocatoria 2026 cerrada al 31 marzo 2026 (check)","No encontrado","No encontrado","Anual","https://www.fondationfyssen.fr/en/our-actions/study-grants/ | https://iamhrf.org/grant-opportunities/post-doctoral-study-grants-human-sciences-worldwide/","No claro (check)","Se asemeja a beca/estancia postdoctoral; incluir solo si se acepta como proyecto postdoctoral financiado, no como simple movilidad (check) (check) Semilla legacy sin verificación web actual. Región provisional; objetivo/alcance conservado sin separación inferida. Elegibilidad legacy Chile: Sí, pero usualmente condicionado a realizar estancia/proyecto en Francia si el/la investigador/a es extranjero/a (check) ; universidad: No claro (check)","Postdoctoral","Investigación básica; Interdisciplinaria","No claro (check)","No encontrado","call_c96cda67b58626f1fed3"
"MSCA Staff Exchanges","Marie Skłodowska-Curie Actions / Horizon Europe","Comisión Europea","No encontrado","No encontrado","Europa","Universidades y organizaciones de investigación en consorcios internacionales; terceros países pueden participar según reglas MSCA.","No encontrado","No encontrado","Todas las áreas; Ciencias Sociales y Humanidades; Educación; Psicología; Interdisciplinario","Financia proyectos colaborativos internacionales basados en intercambio de personal para investigación e innovación, transferencia de conocimiento y colaboración intersectorial.","No encontrado","Hasta 4 años en versiones habituales (check)","No encontrado","No encontrado","Work Programme 2023-2025; fechas 2026 no encontradas en la búsqueda (check)","No encontrado","No encontrado","Anual","https://marie-sklodowska-curie-actions.ec.europa.eu/resources/documents/marie-sklodowska-curie-actions-work-programme-2023-2025 | https://euraxess.ec.europa.eu/worldwide/lac","No claro (check)","Incluye movilidad/intercambio como mecanismo central; puede caer en exclusión si no se considera proyecto de investigación colaborativo (check) (check) Semilla legacy sin verificación web actual. Región provisional; objetivo/alcance conservado sin separación inferida. Elegibilidad legacy Chile: No claro (check) ; universidad: Sí (universidades chilenas pueden participar como terceros países; financiamiento directo no siempre automático) (check)","Todas las etapas","Investigación aplicada; I+D; Interdisciplinaria","No claro (check)","No encontrado","call_32cf7ff009feeb54073a"
"Humanities Travelling Fellowships","Humanities Travelling Fellowships","Australian Academy of the Humanities","No encontrado","No encontrado","Oceanía","Investigadores/as de carrera temprana en humanidades; el instrumento está orientado a académicos/as australianos/as o vinculados/as a Australia según las bases (check).","No encontrado","No encontrado","Humanidades; Arqueología; Historia; Estudios culturales; Humanidades digitales; Humanidades ambientales","Financia costos de investigación en el extranjero para investigadores/as de carrera temprana en humanidades, incluyendo acceso a archivos, materiales de investigación y conexión con redes académicas.","No encontrado","No encontrado","No encontrado","No encontrado","2026: guidelines publicadas en enero de 2026; convocatoria anual verificable","No","No encontrado","Anual","https://humanities.org.au/grants-and-awards/humanities-travelling-fellowships/ | https://humanities.org.au/wp-content/uploads/2026/01/Humanities-Travelling-Fellowship-Guidelines-2026.pdf","No claro (check)","(check) Caso límite: financia actividades directas de investigación, pero principalmente movilidad/archivo y no se verificó elegibilidad para investigadores residentes en Chile como postulantes principales; revisar antes de incluir en base final de oportunidades postulables. (check) Semilla legacy sin verificación web actual. Región provisional; objetivo/alcance conservado sin separación inferida. Elegibilidad legacy Chile: No claro (check) ; universidad: No claro (check)","Carrera temprana","Investigación básica; Interdisciplinaria","No claro (check)","No encontrado","call_83ef96dc8b2764d31e35"
"Japan Foundation Japanese Studies Fellowship Program","Japanese Studies Overseas and Global Partnerships [Dialogue]","The Japan Foundation","No encontrado","No encontrado","Asia","Académicos/as, investigadores/as y doctorandos/as de estudios japoneses afiliados/as a instituciones extranjeras; postulante individual.","No encontrado","No encontrado","Humanidades, Ciencias Sociales, Estudios japoneses","Ofrece a académicos/as e investigadores/as de estudios japoneses oportunidades para realizar investigación en Japón con el objetivo de promover los estudios japoneses en el extranjero.","No encontrado","No encontrado","No encontrado","No encontrado","Apertura 2 de septiembre de 2025; cierre 2 de diciembre de 2025, 13:00 JST","No","No encontrado","Anual","https://www.jpf.go.jp/e/program/intel.html | https://investigacion.uc.cl/concursos/programas-japan-foundation/","No claro (check)","El instrumento se parece a una estancia de investigación; se incluye por financiar investigación y no solo movilidad, pero puede ser excluible bajo criterios estrictos de estancias (check). (check) Semilla legacy sin verificación web actual. Región provisional; objetivo/alcance conservado sin separación inferida. Elegibilidad legacy Chile: Sí ; universidad: Sí (check)","Doctoral; Postdoctoral; Carrera temprana; Consolidado","Investigación básica; Interdisciplinaria","No claro (check)","No encontrado","call_85124a37eb265e574a19"
"Fellowship for Postdoctoral Research","Korean Studies Fellowship Program","Korea Foundation","No encontrado","No encontrado","Asia","Investigadores/as con doctorado reciente o candidatos/as próximos a obtenerlo, con ciudadanía no coreana o residencia permanente en otro país; no deben estar contratados como académicos/as de tiempo completo o investigadores/as de tiempo completo.","No encontrado","No encontrado","Humanidades, Ciencias Sociales, Artes y cultura, Estudios coreanos","Apoya investigación de tiempo completo de jóvenes doctores/as con tema relacionado con Corea en una universidad u organización de investigación fuera de Corea.","No encontrado","12 meses","No encontrado","No encontrado","No encontrado","No","No encontrado","Anual","https://www.kf.or.kr/kfEng/cm/cntnts/cntntsView.do?cntntsId=1639&mi=2220","No claro (check)","Se dirige a personas, no a proyectos institucionales; se incluye porque financia investigación postdoctoral fuera de Corea, pero no es grant institucional clásico (check). (check) Semilla legacy sin verificación web actual. Región provisional; objetivo/alcance conservado sin separación inferida. Elegibilidad legacy Chile: Sí ; universidad: Sí","Postdoctoral; Carrera temprana","Investigación básica; Interdisciplinaria","No claro (check)","No encontrado","call_e01ffc188b4c2249ed5e"
"Fellowship for Field Research","Korean Studies Fellowship Program","Korea Foundation","No encontrado","No encontrado","Asia","Doctorandos/as que completaron cursos; profesores/as universitarios/as de tiempo completo o investigadores/as con doctorado; investigadores/as extranjeros/as en estudios coreanos o temas vinculados a Corea.","No encontrado","No encontrado","Humanidades, Ciencias Sociales, Artes y cultura, Estudios coreanos","Financia investigación de campo in situ en Corea y acceso a recursos para investigadores/as extranjeros/as de estudios coreanos o temas que requieren cooperación estrecha con Corea.","No encontrado","No encontrado","No encontrado","No encontrado","No encontrado","No","No encontrado","Anual","https://www.kf.or.kr/kfEng/cm/cntnts/cntntsView.do?cntntsId=1677&mi=2222","No claro (check)","Puede considerarse estancia o trabajo de campo; se incluye porque financia investigación de campo y no solo pasajes/viáticos, pero es un caso discutible (check). (check) Semilla legacy sin verificación web actual. Región provisional; objetivo/alcance conservado sin separación inferida. Elegibilidad legacy Chile: Sí ; universidad: Sí (check)","Doctoral; Consolidado","Investigación básica; Investigación aplicada; Interdisciplinaria","No claro (check)","No encontrado","call_bef7f213fa6c948b9915"
"CALAS Laboratorio de Conocimiento - Fellowships de investigación","CALAS - Crear Horizontes: Aceleraciones, transformaciones y emergencias","Centro Maria Sibylla Merian de Estudios Latinoamericanos Avanzados (CALAS) / Universidad de Guadalajara y sedes regionales","No encontrado","No encontrado","América Latina y el Caribe","Investigadores/as con formación universitaria en Humanidades o Ciencias Sociales; grado mínimo doctorado; evaluación de trayectoria, publicaciones y calidad del proyecto.","No encontrado","No encontrado","Ciencias Sociales; Humanidades; estudios latinoamericanos; política; desigualdades; trabajo; cultura; interdisciplinario","Otorga becas de investigación para desarrollar proyectos en el marco de laboratorios temáticos de CALAS, con residencia en sedes como Guadalajara, San José, Quito o Buenos Aires.","No encontrado","Estancias de investigación de duración variable; ejemplo 3 a 4 meses según convocatoria","No encontrado","No encontrado","Convocatoria 2026; apertura 01-05-2026 para laboratorio sobre radicalidad/radicalización; otras convocatorias hasta 17-05-2026","No","No encontrado","Anual / Recurrente (check)","https://calas.lat/es/convocatoria | https://www.udg.mx/es/node/85505?q=es%2Fnode%2F85505 | https://www.flacso.edu.ec/sites/default/files/2026-01/Convocatoria_CALAS_%20Lab_Aceleraciones%20_transformaciones%20_mundo_laboral_2026.pdf","No claro (check)","1 - Es una beca de investigación con residencia; incluir solo si se acepta que el proyecto de investigación financiado puede implicar estancia. (check) Semilla legacy sin verificación web actual. Región provisional; objetivo/alcance conservado sin separación inferida. Elegibilidad legacy Chile: Sí ; universidad: Sí (check)","Postdoctoral; Consolidado","Investigación básica; interdisciplinaria","No claro (check)","No encontrado","call_750e809fc545eb6d285e"
"Becas de investigador(a) visitante senior CALAS 2026","Centro Maria Sibylla Merian de Estudios Latinoamericanos Avanzados (CALAS)","CALAS / Universidad de Guadalajara y sedes regionales","No encontrado","No encontrado","América Latina y el Caribe","Académicos/as destacados/as con doctorado, trayectoria y proyecto de investigación pertinente.","No encontrado","No encontrado","Ciencias Sociales; Humanidades; estudios latinoamericanos; crisis y transformaciones","Becas para académicos/as senior de América Latina y el Caribe que desarrollen proyectos de investigación en Humanidades o Ciencias Sociales durante una residencia en sedes CALAS.","No encontrado","Tres meses de residencia, según convocatoria","No encontrado","No encontrado","Convocatoria 2026; página verificada en 2026","No","No encontrado","Anual / Recurrente (check)","https://calas.lat/es/convocatorias/becas-de-investigadora-visitante-senior-2026 | https://calas.lat/es/convocatoria","No claro (check)","1 - Pertinente para académicos/as FACSO senior, pero clasifica parcialmente como estancia; verificar si se quiere mantener bajo criterios estrictos. (check) Semilla legacy sin verificación web actual. Región provisional; objetivo/alcance conservado sin separación inferida. Elegibilidad legacy Chile: Sí ; universidad: Sí (check)","Consolidado","Investigación básica; interdisciplinaria","No claro (check)","No encontrado","call_2d4bc55f8abcf3ebaeed"
"CALAS-HIAS Research Fellowship Hamburg/Bielefeld 2027","CALAS-HIAS Research Fellowship","CALAS / Hamburg Institute for Advanced Study (HIAS) / Universität Bielefeld","No encontrado","No encontrado","América Latina y el Caribe","Académicos/as destacados/as de América Latina y el Caribe con proyecto interdisciplinario pertinente.","No encontrado","No encontrado","Ciencias Sociales; Humanidades; estudios latinoamericanos; geopolítica; transformación regional","Fellowship para destacados/as académicos/as de América Latina y el Caribe que desarrollen proyectos de investigación sobre cambios geopolíticos y transformación regional en América Latina.","No encontrado","Seis meses en total: cuatro meses en Hamburgo y dos meses en Universidad de Bielefeld","No encontrado","No encontrado","Convocatoria abierta hasta 17-05-2026 para fellowship 2027","No","No encontrado","Anual / Recurrente (check)","https://calas.lat/es/convocatoria","No claro (check)","1 - Aunque CALAS tiene sede principal en México, el financiamiento/residencia es parcialmente Alemania; mantener como oportunidad regional para investigadores LAC si se acepta categoría fellowship. (check) Semilla legacy sin verificación web actual. Región provisional; objetivo/alcance conservado sin separación inferida. Elegibilidad legacy Chile: Sí ; universidad: Sí (check)","Consolidado","Investigación básica; interdisciplinaria","No claro (check)","No encontrado","call_0d2f0da4c98511b74c1e"
